,fighter_name,win_loss,avg_str
0,Alexandre Pantoja,0.8,78.0
1,Shavkat Rakhmonov,1.0,4.12
2,Ciryl Gane,0.6522,21.1528
3,Bryce Mitchell,0.7778,38.0
4,Nate Landwehr,0.625,19.8418
5,Dominick Reyes,0.6364,43.3333
6,Vicente Luque,0.7143,38.8
7,Movsar Evloev,1.0,21.1528
8,Randy Brown,0.7222,48.0
9,Chris Weidman,0.6316,45.0
10,Cody Durden,0.6,3.35
11,Michael Chiesa,0.6316,21.8571
12,Clay Guida,0.5128,33.1
13,Kennedy Nzechukwu,0.6429,21.1528
14,Petr Yan,0.6923,70.25
15,Yan Xiaonan,0.7273,105.667
16,Song Kenan,0.6,23.0
17,Wang Cong,1.0,7.07
18,Volkan Oezdemir,0.5714,82.0
19,Zhang Mingyang,1.0,9.23
20,Baergeng Jieleyisi,0.6667,1.75
21,Kiru Sahota,1.0,4.05
22,Shi Ming,1.0,3.48
23,Nyamjargal Tumendemberel,1.0,3.13
24,Lone'er Kavanagh,1.0,3.62
25,Xiao Long,0.5,5.4
26,Maheshate,0.6,3.9
27,Jon Jones,0.913,62.0
28,Charles Oliveira,0.6875,25.3846
29,Bo Nickal,1.0,2.65
30,Viviane Araujo,0.5455,19.8418
31,Mauricio Ruffy,1.0,4.88
32,Jonathan Martinez,0.7143,71.0
33,Jim Miller,0.6047,30.7143
34,David Onama,0.6667,5.6
35,Marcin Tybura,0.6,58.2
36,Mickey Gall,0.5,21.1528
37,Bassil Hafez,0.5,4.23
38,Veronica Hardy,0.5,3.13
39,Neil Magny,0.6667,65.0
40,Gerald Meerschaert,0.5714,23.8
41,Gaston Bolanos,0.5,3.88
42,Luana Pinheiro,0.6667,5.52
43,Mansur Abdul-Malik,1.0,6.61
44,Karolina Kowalkiewicz,0.5294,92.5
45,Elizeu Zaleski dos Santos,0.7143,66.0
46,Matthew Semelsberger,0.5,7.93
47,Cody Stamann,0.5385,94.0
48,Tresean Gore,0.3333,3.04
49,Melissa Mullins,0.5,3.43
50,Brandon Moreno,0.6429,32.75
51,Erin Blanchfield,0.8571,8.0
52,Caio Machado,0.3333,6.07
53,Ariane da Silva,0.5,4.1
54,Marc-Andre Barriault,0.4167,21.1528
55,Mike Malott,0.8,3.85
56,Aiemann Zahabi,0.7143,45.0
57,Charles Jourdain,0.4615,19.8418
58,Jack Shore,0.75,4.03
59,Alexandr Romanov,0.6667,5.87
60,Serhiy Sidey,0.5,5.16
61,Chad Anheliger,0.6,3.6
62,Jamey-Lyn Horth,0.5,3.97
63,Ilia Topuria,1.0,4.69
64,Robert Whittaker,0.7727,83.0
65,Magomed Ankalaev,0.9091,59.0
66,Lerone Murphy,1.0,5.01
67,Shara Magomedov,1.0,6.88
68,Ibo Aslan,1.0,8.34
69,Geoff Neal,0.6667,36.5
70,Mateusz Rebecki,0.8,4.7
71,Abus Magomedov,0.5,2.88
72,Farid Basharat,1.0,4.47
73,Ismail Naurdiev,0.5,19.8418
74,Rinat Fakhretdinov,1.0,4.78
75,Anthony Hernandez,0.75,19.8418
76,Rob Font,0.5882,40.0
77,Charles Johnson,0.5556,4.83
78,Jake Hadley,0.5714,3.8
79,Darren Elkins,0.6429,38.3684
80,Matheus Nicolau,0.7,58.0
81,Brad Katona,0.5714,73.5
82,Joselyne Edwards,0.5,4.48
83,Jessica Penne,0.5,39.0
84,Melissa Martinez,0.0,3.9
85,Austen Lane,0.25,3.43
86,Brandon Royval,0.6667,4.46
87,Brad Tavares,0.625,48.5
88,Chidi Njokuani,0.5714,4.59
89,Grant Dawson,0.9091,57.0
90,Daniel Rodriguez,0.6667,8.6
91,CJ Vergara,0.5714,5.24
92,Jonathan Pearce,0.6667,11.21
93,Themba Gorimbo,0.8,3.11
94,Junior Tafa,0.25,3.36
95,Julia Polastri,0.3333,5.57
96,Dan Argueta,0.3333,2.48
97,Clayton Carpenter,1.0,4.56
98,Alex Pereira,0.8889,5.46
99,Raquel Pennington,0.7222,81.0
100,Jose Aldo,0.7586,94.0
101,Roman Dolidze,0.7,4.47
102,Ketlen Vieira,0.7273,42.0
103,Stephen Thompson,0.6316,51.3333
104,Marina Rodriguez,0.6667,60.0
105,Austin Hubbard,0.4444,19.8418
106,Cesar Almeida,0.6667,4.25
107,Ryan Spann,0.5714,46.0
108,Carla Esparza,0.6667,42.0
109,Court McGee,0.4545,80.5714
110,Renato Moicano,0.6875,77.4
111,Nassourdine Imavov,0.75,4.58
112,William Gomis,1.0,2.69
113,Kevin Jousset,1.0,8.23
114,Morgan Charriere,0.5,3.98
115,Fares Ziam,0.7143,2.92
116,Ion Cutelaba,0.4,56.5
117,Oumar Sy,1.0,4.81
118,Ludovit Klein,0.75,3.93
119,Taylor Lapilus,0.7143,80.0
120,Ailin Perez,0.75,2.91
121,Daniel Barez,0.0,4.1
122,Nora Cornolle,1.0,3.41
123,Bolaji Oki,1.0,5.63
124,Sean O'Malley,0.9167,141.0
125,Alexa Grasso,0.7273,72.5
126,Brian Ortega,0.7273,40.0
127,Daniel Zellhuber,0.8,6.26
128,Ronaldo Rodriguez,0.5,2.13
129,Irene Aldana,0.6154,108.0
130,Manuel Torres,1.0,8.14
131,Yazmin Jauregui,0.75,6.64
132,Edgar Chairez,0.3333,3.45
133,Raul Rosas Jr.,0.8,1.55
134,Gilbert Burns,0.6818,44.0
135,Jessica Andrade,0.6296,108.0
136,Steve Garcia,0.75,8.89
137,Matt Schnell,0.5,34.75
138,Trevor Peek,0.6,4.58
139,Rongzhu,0.6667,5.47
140,Isaac Dulgarian,0.5,3.37
141,Felipe dos Santos,0.5,4.53
142,Yizha,0.8333,2.82
143,Jaqueline Amorim,0.6667,3.33
144,Andre Petroski,0.75,3.48
145,Zygimantas Ramaska,,0.96
146,Jared Cannonier,0.5882,40.2
147,Angela Hill,0.48,107.0
148,Robert Valentin,,0.15
149,Kaan Ofli,,1.85
150,Edmen Shahbazyan,0.6364,22.0
151,Dennis Buzukja,0.4,4.21
152,Zachary Reese,0.6667,5.06
153,Viacheslav Borshchev,0.5,5.4
154,Jacqueline Cavalcanti,1.0,7.23
155,Dricus Du Plessis,1.0,6.18
156,Kai Kara-France,0.6364,86.0
157,Mateusz Gamrot,0.7778,4.26
158,Tai Tuivasa,0.5333,38.0
159,Li Jingliang,0.6471,61.0
160,Josh Culibao,0.5,3.41
161,Casey O'Neill,0.6667,7.89
162,Jack Jenkins,0.75,4.83
163,Tom Nolan,0.6667,6.68
164,Stewart Nicoll,,3.02
165,Damon Jackson,0.5455,19.8418
166,Danny Barlow,1.0,5.72
167,Chris Gutierrez,0.7273,26.0
168,Yana Santos,0.4444,4.42
169,Toshiomi Kazama,0.3333,1.72
170,Karol Rosa,0.6667,11.4
171,Jhonata Diniz,1.0,4.09
172,Youssef Zalal,0.625,3.2
173,Stephanie Luciano,,5.3
174,Cory Sandhagen,0.7692,80.0
175,Marlon Vera,0.6522,38.5556
176,Tony Ferguson,0.6923,55.4667
177,Mackenzie Dern,0.6154,70.0
178,Joel Alvarez,0.7143,38.0
179,Azamat Murzakanov,1.0,4.72
180,Mohammad Yahya,0.0,2.38
181,Shamil Gaziev,0.6667,2.43
182,Guram Kutateladze,0.3333,3.95
183,Viktoriia Dudakova,1.0,3.45
184,Jai Herbert,0.3333,3.16
185,Sedriques Dumas,0.6,2.15
186,Leon Edwards,0.875,34.0
187,Tom Aspinall,0.875,13.33
188,King Green,0.5862,6.43
189,Christian Leroy Duncan,0.75,4.71
190,Arnold Allen,0.8333,28.75
191,Nathaniel Wood,0.7,47.0
192,Molly McCann,0.5833,19.8418
193,Muhammad Mokaev,1.0,1.61
194,Oban Elliott,1.0,4.26
195,Modestas Bukauskas,0.4286,3.77
196,Sam Patterson,0.6667,2.66
197,Mick Parkin,1.0,4.91
198,Shauna Bannon,0.0,4.37
199,Amanda Lemos,0.7273,19.8418
200,Kurt Holobaugh,0.1429,71.5
201,Dooho Choi,0.5714,27.25
202,JeongYeong Lee,1.0,2.84
203,Brian Kelleher,0.5,47.0
204,Miranda Maverick,0.6667,6.0
205,Loik Radzhabov,0.6667,2.89
206,Luana Carolina,0.6667,21.1528
207,Mohammed Usman,0.75,3.41
208,Rose Namajunas,0.6875,47.625
209,Santiago Ponzinibbio,0.6471,40.0
210,Drew Dober,0.6087,61.0
211,Gabriel Bonfim,0.75,5.78
212,Julian Erosa,0.5333,61.0
213,Joshua Van,0.8,8.55
214,Jasmine Jasudavicius,0.75,3.79
215,Montel Jackson,0.8,42.0
216,Luana Santos,1.0,4.28
217,Josh Fremd,0.4,2.52
218,Evan Elder,0.3333,5.02
219,Dan Ige,0.6111,38.6667
220,Anthony Smith,0.5556,38.4
221,Mayra Bueno Silva,0.6667,21.1528
222,Ian Machado Garry,1.0,5.5
223,Joe Pyfer,0.6667,3.72
224,Cub Swanson,0.6129,66.0769
225,Payton Talbott,1.0,8.38
226,Michelle Waterson-Gomez,0.5,3.42
227,Andrei Arlovski,0.5435,26.75
228,Rei Tsuruya,1.0,2.28
229,Ricky Simon,0.6923,34.0
230,Sergei Pavlovich,0.75,19.8418
231,Kelvin Gastelum,0.5714,50.6667
232,Johnny Walker,0.6154,19.8418
233,Nasrat Haqparast,0.6667,60.0
234,Muhammad Naimov,0.75,3.18
235,Kyung Ho Kang,0.6667,33.0
236,Magomed Gadzhiyasulov,1.0,3.3
237,Alex Perez,0.6667,45.6667
238,Douglas Silva de Andrade,0.5833,52.6
239,Timmy Cuamba,0.5,3.0
240,Brady Hiestand,0.6667,4.4
241,Asu Almabayev,1.0,2.36
242,Josh Quinlan,0.3333,3.57
243,Jimmy Flick,0.6,1.99
244,Carli Judice,0.0,11.23
245,Jeka Saragih,0.75,2.73
246,Melquizael Costa,0.3333,3.46
247,Josefine Knutsson,1.0,4.87
248,Brunno Ferreira,0.8,4.99
249,Julian Marquez,0.5714,32.0
250,Miguel Baeza,0.5714,5.3
251,Thiago Moises,0.6154,19.8418
252,Charles Radtke,0.6667,3.38
253,Andrea Lee,0.4167,56.0
254,John Castaneda,0.7143,4.67
255,Eduarda Moura,0.6667,3.09
256,Rayanne dos Santos,0.0,4.36
257,Islam Makhachev,0.9333,32.0
258,Sean Strickland,0.7143,56.6667
259,Kevin Holland,0.6364,77.0
260,Niko Price,0.5333,19.8418
261,Jailton Almeida,0.875,2.46
262,Phil Rowe,0.6667,4.97
263,Mitch Raposo,0.0,2.29
264,Edson Barboza,0.6207,48.0
265,Khaos Williams,0.7143,22.22
266,Adrian Yanez,0.75,10.77
267,Victor Martinez,0.5,7.94
268,Tamires Vidal,0.3333,3.2
269,Piera Rodriguez,0.75,3.64
270,Alatengheili,0.6667,2.64
271,Vanessa Demopoulos,0.625,3.98
272,Derrick Lewis,0.6429,27.6667
273,Joaquin Buckley,0.6923,4.89
274,Alonzo Menifield,0.7143,21.1528
275,Diego Ferreira,0.6429,31.5714
276,Alex Caceres,0.5714,48.4211
277,Waldo Cortes-Acosta,0.8333,5.64
278,Chase Hooper,0.7,21.1528
279,Terrance McKinney,0.5556,4.53
280,Tabatha Ricci,0.75,4.63
281,Billy Ray Goff,1.0,8.56
282,JJ Aldrich,0.6429,64.5
283,Michel Pereira,0.8182,19.8418
284,Paul Craig,0.5294,31.0
285,Elves Brener,0.75,3.99
286,Joaquim Silva,0.6,49.0
287,Dione Barbosa,1.0,1.85
288,Ismael Bonfim,0.6667,5.8
289,Alessandro Costa,0.5,4.14
290,Tim Means,0.5357,83.0
291,Rani Yahya,0.68,40.0
292,Don'Tale Mayes,0.5455,4.25
293,Marnic Mann,0.0,1.47
294,James Llontop,0.3333,5.57
295,Ivana Petrovic,0.5,2.19
296,Gabriel Benitez,0.5,44.8333
297,Zhang Weili,0.8,6.36
298,Justin Gaethje,0.6667,113.667
299,Jiri Prochazka,0.8,7.19
300,Calvin Kattar,0.5833,80.0
301,Holly Holm,0.5714,56.1667
302,Sodiq Yusuff,0.7778,23.0
303,Jalin Turner,0.6667,31.0
304,Deiveson Figueiredo,0.8125,26.3333
305,Brendan Allen,0.8667,4.1
306,Alexander Hernandez,0.4615,23.5
307,Ignacio Bahamondes,0.7143,7.91
308,Valter Walker,0.0,1.86
309,Norma Dumont,0.7778,4.98
310,Pedro Falcao,1.0,2.9
311,Dylan Budka,0.5,1.07
312,Nursulton Ruziboev,1.0,2.5
313,Bill Algeo,0.5,9.8
314,Virna Jandiroba,0.6667,19.8418
315,Julio Arce,0.6,72.0
316,Angel Pacheco,0.0,9.5
317,Amanda Ribas,0.7,4.84
318,Karl Williams,1.0,2.68
319,Billy Quarantillo,0.7,21.1528
320,Fernando Padilla,0.5,6.48
321,Ricardo Ramos,0.5833,47.0
322,Miles Johns,0.75,4.03
323,Jarno Errens,0.3333,3.29
324,Montserrat Rendon,1.0,3.13
325,Igor Severino,1.0,7.17
326,Ovince Saint Preux,0.6176,47.0
327,Christian Rodriguez,0.8333,3.65
328,Pannie Kianzad,0.5,21.1528
329,Natan Levy,0.75,3.7
330,Josiane Nunes,0.75,10.61
331,Jafel Filho,0.6667,2.36
332,Charalampos Grigoriou,0.5,2.62
333,Dustin Poirier,0.7419,77.0
334,Curtis Blaydes,0.7647,44.6667
335,Katlyn Cerminara,0.6875,4.58
336,Pedro Munhoz,0.5263,43.8
337,Robelis Despaigne,0.5,2.16
338,Joanne Wood,0.5,7.1
339,Jairzinho Rozenstruik,0.6154,19.8418
340,Vitor Petrino,1.0,2.82
341,Umar Nurmagomedov,1.0,4.46
342,Eryk Anders,0.5,51.0
343,Vinicius Oliveira,1.0,5.87
344,Abdul-Kareem Al-Selwady,1.0,4.14
345,Yair Rodriguez,0.7692,57.4
346,Cristian Quinonez,0.6667,4.19
347,Jesus Aguilar,0.75,1.46
348,Claudio Puelles,0.7143,29.0
349,Victor Altamirano,0.5,4.58
350,Erik Silva,0.5,2.07
351,Alexander Volkanovski,0.8667,75.6
352,Merab Dvalishvili,0.8333,56.6667
353,Marcos Rogerio de Lima,0.5556,21.1528
354,Rinya Nakamura,1.0,3.53
355,Jack Hermansson,0.625,88.0
356,Robert Bryczek,,2.13
357,Michael Johnson,0.4643,49.15
358,Rodolfo Vieira,0.6667,3.19
359,Trevin Giles,0.5385,55.5
360,Loma Lookboonmee,0.7143,6.6
361,Devin Clark,0.5,43.0
362,Max Griffin,0.5,52.1667
363,Zac Pauga,0.3333,4.46
364,Fernie Garcia,0.25,2.04
365,Gilbert Urbina,0.5,6.21
366,Azat Maksum,1.0,2.8
367,Landon Quinones,0.0,6.77
368,Thomas Petersen,0.5,4.32
369,Chris Curtis,0.75,5.76
370,Gillian Robertson,0.6471,21.1528
371,Yohan Lainesse,0.5,2.22
372,Malcolm Gordon,0.3333,2.5
373,Phil Hawes,0.5556,5.33
374,Marcus McGhee,1.0,6.06
375,Westin Wilson,0.0,1.68
376,Nikolas Motta,0.6,3.64
377,Josh Emmett,0.6923,70.5
378,Cody Garbrandt,0.6429,56.5
379,Tagir Ulanbekov,0.75,3.22
380,Andre Fili,0.5238,55.0
381,Martin Buday,0.8333,4.84
382,Song Yadong,0.8333,23.5
383,Tim Elliott,0.4211,79.0
384,JunYong Park,0.7,6.41
385,HyunSung Park,1.0,4.15
386,Tatsuro Taira,1.0,3.56
387,Beneil Dariush,0.7619,39.1667
388,Sean Brady,0.8571,7.93
389,Punahele Soriano,0.5,21.1528
390,Miesha Tate,0.6,35.7143
391,Drakkar Klose,0.8,68.0
392,Rodolfo Bellato,0.5,6.47
393,Wellington Turman,0.375,19.8418
394,Michael Morales,1.0,5.42
395,Uros Medic,0.6667,19.91
396,Lucie Pudilova,0.3,99.0
397,Matt Frevola,0.6,37.5
398,Diego Lopes,0.6667,4.2
399,Steve Erceg,0.75,4.37
400,Jared Gordon,0.6154,84.0
401,Rodrigo Nascimento,0.7143,5.46
402,Caio Borralho,1.0,3.61
403,Kaue Fernandes,0.0,3.04
404,Kamaru Usman,0.8824,58.5556
405,Ikram Aliskerov,1.0,7.03
406,Said Nurmagomedov,0.75,65.0
407,Abu Azaitar,0.5,19.8418
408,Mike Breeden,0.0,5.75
409,Jennifer Maia,0.5455,42.0
410,Tainara Lisboa,1.0,2.05
411,Irina Alekseeva,1.0,3.84
412,Ashley Yoder,0.3,44.0
413,Alex Morono,0.65,66.3333
414,Nate Maness,0.6667,3.14
415,Aoriqileng,0.5,5.31
416,Montana De La Rosa,0.5,31.0
417,Rafael Fiziev,0.6,19.8418
418,Bryan Battle,0.8571,6.34
419,Jacob Malkoun,0.5,3.86
420,Mizuki,0.5,4.56
421,Loopy Godinez,0.6364,4.31
422,Roman Kopylov,0.5714,21.1528
423,Tracy Cortez,1.0,19.8418
424,Alex Reyes,0.0,19.8418
425,Israel Adesanya,0.8125,76.0
426,Manel Kape,0.6667,4.44
427,Justin Tafa,0.5714,5.15
428,Tyson Pedro,0.6,19.8418
429,Carlos Ulberg,0.875,15.07
430,Jamie Mullarkey,0.5,4.39
431,Blood Diamond,0.0,3.12
432,Shane Young,0.3333,61.0
433,Manon Fiorot,1.0,8.0
434,Benoit Saint Denis,0.7143,5.7
435,Ange Loosa,0.5,5.6
436,Zarah Fairn,0.0,4.55
437,Max Holloway,0.7586,85.6316
438,Giga Chikadze,0.8,3.92
439,Liang Na,0.0,1.99
440,SeungWoo Choi,0.4444,21.1528
441,Aljamain Sterling,0.8,54.0
442,Da'Mon Blackshear,0.4,4.3
443,Gregory Rodrigues,0.6667,5.52
444,Karine Silva,1.0,3.04
445,Khalil Rountree Jr.,0.6429,19.8418
446,Polyana Viana,0.4444,29.0
447,AJ Dobson,0.5,4.29
448,JP Buys,0.2,2.66
449,Francis Marshall,0.5,3.69
450,Josh Parisian,0.5,7.07
451,Juliana Miller,0.5,3.31
452,Dustin Jacoby,0.6154,21.1528
453,Tanner Boser,0.4444,19.8418
454,Kyler Phillips,0.875,18.26
455,Jeremiah Wells,0.8,2.41
456,Sean Woodson,0.8571,5.58
457,Ode Osbourne,0.5,4.12
458,Jan Blachowicz,0.6667,48.4444
459,Jake Matthews,0.6316,60.0
460,Davey Grant,0.5455,45.0
461,Danny Roberts,0.5385,49.0
462,Marc Diakiese,0.5,48.0
463,Makhmud Muradov,0.6,21.1528
464,Chris Duncan,0.6,4.88
465,Jack Della Maddalena,1.0,7.27
466,Ottman Azaitar,0.6667,7.61
467,Albert Duraev,0.75,2.99
468,Nazim Sadykhov,1.0,4.94
469,Tucker Lutz,0.6,5.09
470,Austin Lingo,0.5,4.0
471,Tyson Nam,0.4286,3.87
472,Alexander Munoz,0.3333,3.96
473,Ashlee Evans-Smith,0.375,54.3333
474,Robbie Lawler,0.5714,51.7895
475,Jimmy Crute,0.625,21.1528
476,Cameron Saaiman,0.8,5.32
477,Shannon Ross,0.0,5.96
478,Kamuela Kirk,0.3333,3.27
479,Damir Ismagulov,0.8333,34.0
480,Kevin Lee,0.6111,56.0
481,Joanderson Brito,0.8571,3.35
482,Zhalgas Zhumagulov,0.1667,5.24
483,Jamall Emmers,0.4286,8.27
484,Cody Brundage,0.4444,2.7
485,Marvin Vettori,0.6923,43.5
486,Arman Tsarukyan,0.8,19.8418
487,Armen Petrosyan,0.6667,5.95
488,Pat Sabatini,0.7143,2.02
489,Nicolas Dalby,0.7,62.5
490,Carlos Hernandez,0.5,4.11
491,Tereza Bleda,0.5,3.02
492,Amanda Nunes,0.8421,40.4
493,Kyle Nelson,0.5,20.0
494,David Dvorak,0.6,4.47
495,Diana Belbita,0.3333,6.72
496,Abubakar Nurmagomedov,0.6667,21.1528
497,Daniel Santos,0.5,4.26
498,Elise Reed,0.4286,3.5
499,Philipe Lins,0.6,3.8
500,Emily Ducote,0.5,7.45
501,Andre Fialho,0.3333,3.3
502,Orion Cosce,0.6667,3.7
503,Ilir Latifi,0.6,19.8418
504,Natalia Silva,1.0,5.19
505,Takashi Sato,0.3333,19.8418
506,Matt Brown,0.5517,37.5556
507,Ji Yeon Kim,0.3333,67.0
508,Jessica-Rose Clark,0.5,101.0
509,Belal Muhammad,0.8235,77.0
510,Kron Gracie,0.3333,19.8418
511,Braxton Smith,,6.46
512,Joseph Holmes,0.5,2.88
513,Stephanie Egger,0.5,2.2
514,Journey Newson,0.25,2.81
515,Hailey Cowan,1.0,2.97
516,Iasmin Lucindo,0.75,3.95
517,Ricky Glenn,0.4444,4.39
518,Zak Cummings,0.6429,28.9
519,Lando Vannata,0.4,57.8333
520,Bruna Brasil,0.5,2.94
521,Aaron Phillips,0.0,19.8418
522,Cynthia Calvillo,0.5455,39.0
523,Shayilan Nuerdanbieke,0.6,1.95
524,Daniel Pineda,0.4167,21.6667
525,Steven Peterson,0.375,73.5
526,Gunnar Nelson,0.6429,26.6
527,Alexander Volkov,0.75,100.667
528,Nikita Krylov,0.5882,45.0
529,Mario Bautista,0.8,19.8418
530,Raphael Assuncao,0.6522,47.8889
531,Victor Henry,0.75,8.67
532,Carlston Harris,0.8,5.27
533,Valentina Shevchenko,0.8,59.4286
534,Derek Brunson,0.7083,41.0
535,Mana Martinez,0.5,4.84
536,Esteban Ribovics,0.75,7.53
537,Andre Muniz,0.7778,19.8418
538,Augusto Sakai,0.5556,111.0
539,Tatiana Suarez,1.0,43.5
540,Erick Gonzalez,0.0,2.4
541,Jordan Leavitt,0.7143,2.55
542,Joe Solecki,0.75,21.1528
543,Rafael Alves,0.5,2.01
544,Jordan Wright,0.3333,7.79
545,William Knight,0.625,6.61
546,Lina Lansberg,0.4,47.0
547,AJ Fletcher,0.5,3.36
548,Zubaira Tukhugov,0.7143,37.5
549,Da Woon Jung,0.5714,3.49
550,Yusaku Kinoshita,0.5,4.65
551,SeungGuk Choi,1.0,2.69
552,Glover Teixeira,0.7308,60.0
553,Lauren Murphy,0.6154,63.0
554,Mauricio Rua,0.675,48.25
555,Shamil Abdurakhimov,0.5,39.3333
556,Luan Lacerda,0.0,4.52
557,Warlley Alves,0.5333,33.0
558,Saimon Oliveira,0.5,2.82
559,Javid Basharat,1.0,5.42
560,Claudio Ribeiro,0.5,3.59
561,Allan Nascimento,0.3333,3.21
562,Amir Albazi,1.0,2.8
563,Cheyanne Vlismas,0.75,4.93
564,Rafa Garcia,0.5714,4.19
565,Sergey Morozov,0.5,3.01
566,Paddy Pimblett,1.0,10.64
567,Darren Till,0.6,38.5
568,TJ Brown,0.5,3.87
569,Bryan Barberena,0.5,78.5
570,Marcelo Rojo,0.0,5.1
571,Chase Sherman,0.2857,73.25
572,Vince Morales,0.3333,74.0
573,Ricky Turcios,0.5,7.0
574,Frankie Edgar,0.6429,65.2222
575,Dan Hooker,0.619,55.5
576,Brad Riddell,0.6667,6.07
577,Michael Trizano,0.5,46.5
578,Darrick Minner,0.3333,6.85
579,Liudvik Sholinian,0.0,2.5
580,Carlos Candelario,0.3333,3.97
581,Katlyn Chookagian,0.7333,61.1667
582,Misha Cirkunov,0.5,33.3333
583,Nick Maximov,0.75,1.93
584,Mike Jackson,0.5,19.8418
585,Raoni Barcelos,0.6,82.0
586,Mike Davis,0.6,19.8418
587,Krzysztof Jotko,0.6875,40.6
588,Julija Stoliarenko,0.2857,21.1528
589,Guido Cannetti,0.4444,35.0
590,Denise Gomes,0.6667,4.55
591,Trey Ogden,0.5,3.07
592,Mariya Agapova,0.3333,4.67
593,Tony Gravely,0.625,19.8418
594,Nate Diaz,0.6129,47.4545
595,Khamzat Chimaev,1.0,8.88
596,Hakeem Dawodu,0.6667,39.0
597,Denis Tiuliulin,0.2,3.61
598,Jake Collier,0.3846,41.0
599,Darian Weeks,0.0,4.49
600,Alessio Di Chirico,0.4,65.0
601,John Makdessi,0.5789,74.0
602,Khalid Taha,0.25,32.0
603,Paulo Costa,0.6667,38.0
604,Wu Yanan,0.2,22.0
605,Leonardo Santos,0.7778,28.0
606,Daniel Lacerda,0.0,3.95
607,Priscila Cachoeira,0.4444,38.5
608,Bruno Silva,0.4444,4.12
609,Jason Witt,0.4,3.16
610,Thiago Santos,0.6087,32.1765
611,Brogan Walker,0.0,2.04
612,Sam Alvey,0.4545,82.0
613,Cory McKenna,0.6667,3.13
614,Julianna Pena,0.7,35.0
615,Nicolae Negumereanu,0.8,21.1528
616,Mason Jones,0.5,5.61
617,Makwan Amirkhani,0.5385,19.8418
618,Mandy Bohm,0.0,2.51
619,Claudio Silva,0.7143,36.0
620,Shane Burgos,0.7,85.25
621,Dwight Grant,0.5,25.0
622,Rafael Dos Anjos,0.6,47.9231
623,Jared Vanderaa,0.2857,5.59
624,Antonina Shevchenko,0.5,66.0
625,Ronnie Lawrence,1.0,3.8
626,Ian Garry,1.0,5.5
627,Uriah Hall,0.5556,44.0
628,Jessica Eye,0.3571,65.0
629,Raulian Paiva,0.5714,19.8418
630,Maria Oliveira,0.25,5.03
631,Eddie Wineland,0.5,46.5
632,Ramona Pascual,0.0,3.87
633,Felice Herrig,0.5556,45.4286
634,Niklas Stolze,0.0,2.29
635,Johnny Munoz,0.4,2.79
636,Jeff Molina,1.0,8.83
637,Omar Morales,0.5714,3.85
638,Frank Camacho,0.2857,154.0
639,Michael Chandler,0.5714,4.89
640,Francisco Trinaldo,0.72,38.6875
641,Macy Chiasson,0.7,24.5
642,Blagoy Ivanov,0.4286,61.5
643,Kleydson Rodrigues,0.5,4.58
644,Ariane Carnelossi,0.5,6.03
645,Gabe Green,0.5,8.47
646,Gina Mazany,0.2857,25.3333
647,Maycee Barber,0.8182,68.0
648,Preston Parsons,0.5,6.08
649,Marcin Prachnio,0.4444,19.8418
650,Dean Barry,,9.31
651,Mounir Lazzez,0.6667,7.49
652,Chris Barnett,0.5,4.64
653,Istela Nunes,0.0,5.02
654,Vinc Pichel,0.7,36.0
655,Aspen Ladd,0.6667,38.0
656,Aleksei Oleinik,0.5625,21.1528
657,Askar Askarov,1.0,19.8418
658,Sara McMann,0.625,23.25
659,Aliaskhab Khizriev,1.0,6.01
660,Luis Saldana,0.6667,5.16
661,Mike Grundy,0.3333,21.1528
662,Marlon Moraes,0.6154,44.5
663,Trevin Jones,0.25,3.84
664,Sabina Mazo,0.5,21.1528
665,Dalcha Lungiambula,0.3333,19.8418
666,Kris Moutinho,0.0,4.86
667,Tafon Nchukwi,0.5,7.59
668,Colby Covington,0.8,35.3333
669,Serghei Spivac,0.6364,19.8418
670,Maryna Moroz,0.5455,40.6
671,Devonte Smith,0.6667,21.1528
672,Alejandro Perez,0.7273,40.2222
673,Ramiz Brahimaj,0.4,3.15
674,Kyle Daukaus,0.5,4.53
675,Parker Porter,0.5714,8.54
676,Chas Skelly,0.6364,19.8418
677,Bobby Green,0.5833,61.8889
678,Roxanne Modafferi,0.3077,87.0
679,Alexis Davis,0.5625,49.0
680,Francis Ngannou,0.8462,30.5
681,Silvana Gomez Juarez,0.3333,4.26
682,Kay Hansen,0.3333,3.01
683,Dakota Bush,0.0,2.77
684,Jamie Pickett,0.2727,2.87
685,Dustin Stoltzfus,0.375,3.68
686,Sijara Eubanks,0.5556,75.0
687,Ryan Hall,0.8,34.5
688,Randy Costa,0.4,19.8418
689,Maki Pitolo,0.3333,5.42
690,Louis Smolka,0.5,92.0
691,Ben Rothwell,0.6667,27.6
692,Felicia Spencer,0.4,19.8418
693,Cortney Casey,0.4286,67.5
694,Al Iaquinta,0.6429,57.6667
695,Gian Villante,0.4545,53.4
696,Melsik Baghdasaryan,0.75,6.69
697,Shamil Gamzatov,1.0,21.1528
698,Hu Yaozong,0.0,19.8418
699,Khama Worthy,0.5,4.94
700,Livinha Souza,0.6,21.1528
701,Andrew Sanchez,0.5556,67.4
702,Batgerel Danaa,0.5,5.38
703,Charles Rosa,0.4167,47.5
704,Alex Oliveira,0.55,29.4545
705,Bethe Correia,0.5,78.0
706,Nick Diaz,0.7308,50.3333
707,Ariane Lipski,0.6,21.1528
708,Mike Rodriguez,0.4286,40.0
709,Rong Zhu,0.0,4.33
710,Impa Kasanganay,0.8,5.58
711,Emily Whitmire,0.4,31.0
712,Bea Malecki,1.0,21.1528
713,Roosevelt Roberts,0.5556,21.1528
714,Sasha Palatnikov,0.5,7.58
715,Tecia Torres,0.6429,96.0
716,Victoria Leonardo,0.4,4.85
717,Cheyanne Buys,0.5,4.32
718,Collin Anglin,0.5,5.18
719,Chris Gruetzemacher,0.5714,103.0
720,Jinh Yu Frey,0.2857,2.97
721,Ryan Benoit,0.375,23.0
722,Marion Reneau,0.4545,85.0
723,Jeremy Stephens,0.4688,38.5926
724,Francisco Figueiredo,0.6667,2.04
725,Alan Baudot,0.0,7.81
726,Carlos Condit,0.5833,63.4167
727,Omari Akhmedov,0.6923,32.8889
728,Julia Avila,0.75,3.9
729,Yancy Medeiros,0.5333,32.1818
730,Chan Sung Jung,0.5385,36.6667
731,Aleksa Camur,0.5,21.1528
732,Kanako Murata,0.5,2.15
733,Demian Maia,0.6875,22.9286
734,Carlos Felipe,0.75,4.88
735,Walt Harris,0.4286,22.8333
736,Dusko Todorovic,0.5,8.04
737,Jacare Souza,0.7037,26.8333
738,Kevin Aguilar,0.5,86.0
739,Christos Giagos,0.4615,19.8418
740,Donald Cerrone,0.6444,61.5
741,Maurice Greene,0.5714,21.1528
742,Christian Aguilera,0.5,10.17
743,Randa Markos,0.375,55.0
744,Kai Kamaka,0.5,7.6
745,Poliana Botelho,0.5,67.0
746,Andreas Michailidis,0.3333,4.8
747,Luke Sanders,0.5,60.0
748,Karl Roberson,0.5,19.8418
749,Danaa Batgerel,0.5,5.78
750,Kazula Vargas,0.3333,3.85
751,Aori Qileng,,7.73
752,Na Liang,,2.94
753,Abdul Razak Alhassan,0.5455,27.5
754,Luis Pena,0.5714,21.1528
755,Bartosz Fabinski,0.6,41.0
756,Nina Nunes,0.5,4.64
757,Mike Perry,0.5,60.5
758,Scott Holtzman,0.5833,71.0
759,Yorgan De Castro,0.5,3.58
760,Hunter Azure,0.75,4.71
761,Da-Un Jung,1.0,3.95
762,Stipe Miocic,0.7778,68.0
763,Tyron Woodley,0.7391,37.5
764,Jared Gooden,0.3333,5.08
765,Gloria de Paula,0.5,4.89
766,Dominick Cruz,0.8235,90.0
767,Joseph Benavidez,0.75,57.0
768,Rogerio Bontorin,0.6,19.8418
769,Vince Cachero,0.0,3.29
770,Shana Dobson,0.3333,34.0
771,Andre Ewell,0.5,53.0
772,Alistair Overeem,0.6875,43.25
773,Nik Lentz,0.6364,69.0
774,Ike Villanueva,0.2,3.66
775,Su Mudaerji,0.6667,21.1528
776,David Zawada,0.25,33.0
777,Sarah Moras,0.375,23.2
778,Jacob Kilburn,0.0,19.8418
779,Anthony Pettis,0.6154,37.0833
780,Deron Winn,0.5,6.6
781,Junior Dos Santos,0.7143,59.3529
782,Gavin Tucker,0.6667,55.0
783,Matt Wiman,0.5882,36.1667
784,Spike Carlyle,0.5,14.12
785,Martin Day,0.0,19.8418
786,Alan Jouban,0.5833,52.0
787,Louis Cosce,0.5,13.33
788,Paul Felder,0.6429,51.0
789,Geraldo de Freitas,0.5,21.1528
790,Claudia Gadelha,0.6364,70.0
791,Gustavo Lopez,0.5,2.24
792,Cole Williams,0.0,0.77
793,Khabib Nurmagomedov,1.0,58.7
794,Stefan Struve,0.5652,24.7143
795,Liana Jojua,0.3333,2.42
796,Thomas Almeida,0.5556,120.0
797,Gadzhimurad Antigulov,0.4,19.8418
798,Markus Perez,0.3333,30.0
799,Tom Breese,0.7143,35.75
800,Chris Daukaus,0.5714,11.78
801,Ali AlQaisi,0.0,2.93
802,Germaine de Randamie,0.75,50.0
803,Dequan Townsend,0.0,19.8418
804,Jordan Williams,0.25,8.05
805,Casey Kenney,0.6667,19.8418
806,Luigi Vendramini,0.3333,19.8418
807,Diego Sanchez,0.6471,36.5789
808,Juan Espino,1.0,21.1528
809,Khadis Ibragimov,0.0,21.1528
810,Jordan Espinosa,0.5714,21.1528
811,Mirsad Bektic,0.6667,33.3333
812,Michelle Waterson,0.6667,47.0
813,Ed Herman,0.52,29.7143
814,Brok Weaver,0.5,6.73
815,Cole Smith,0.5,19.8418
816,Ricardo Lamas,0.6364,32.2667
817,Mallory Martin,0.5,21.1528
818,Carlton Minus,0.0,3.5
819,Timur Valiev,1.0,5.5
820,John Dodson,0.625,46.5385
821,Herbert Burns,0.5,21.1528
822,Yana Kunitskaya,0.6667,38.5
823,Irwin Rivera,0.5,2.33
824,Joanne Calderwood,0.5833,109.0
825,Frankie Saenz,0.5556,67.0
826,Fabricio Werdum,0.7097,52.3333
827,Ramazan Emeev,0.7143,38.5
828,Joe Duffy,0.5714,23.1667
829,Brett Johns,0.6667,52.5
830,Davi Ramos,0.6667,45.0
831,Jimmie Rivera,0.7,56.0
832,John Phillips,0.2,25.5
833,Mara Romero Borella,0.3333,41.0
834,Jordan Griffin,0.4,19.8418
835,Anthony Ivy,0.0,4.07
836,Ian Heinisch,0.5714,55.0
837,Charles Byrd,0.3333,24.5
838,Jussier Formiga,0.6,19.8418
839,Evan Dunham,0.5789,66.4444
840,Jamahal Hill,0.875,21.1528
841,Henry Cejudo,0.7692,72.0
842,Greg Hardy,0.6,29.0
843,Elizeu Dos Santos,0.7778,4.18
844,Veronica Macedo,0.25,23.5
845,Weili Zhang,1.0,77.0
846,Mark Madsen,0.8,18.33
847,Megan Anderson,0.6,26.0
848,Gabriel Silva,0.0,0.53
849,Aalon Cruz,0.5,9.04
850,Jim Crute,0.6667,4.56
851,Ben Sosoli,,2.22
852,Callan Potter,0.5,21.1528
853,Kai Kara France,0.75,19.8418
854,Corey Anderson,0.7143,66.0
855,Mark De La Rosa,0.3333,31.0
856,Juan Adams,0.3333,86.0
857,Domingo Pilarte,0.5,2.06
858,Hannah Cifers,0.3333,41.0
859,Bevon Lewis,0.6,68.0
860,Justine Kish,0.5,72.0
861,Conor McGregor,0.7692,49.0
862,Da Un Jung,1.0,21.1528
863, Jun Yong Park,0.0,21.1528
864,Dong Hyun Ma,0.4286,51.0
865,Miranda Granger,0.3333,21.1528
866,Heili Alateng,1.0,21.1528
867,Peter Yan,1.0,21.1528
868,Thiago Alves,0.5769,41.4
869,Antonio Arroyo,0.5,21.1528
870,Sergio Moraes,0.6667,38.0
871,Vanessa Melo,0.0,21.1528
872,Zabit Magomedsharipov,1.0,58.6667
873,Alekander Volkov,0.8,21.1528
874,Zelim Imadaev,0.0,21.1528
875,Rustam Khabilov,0.75,26.7
876,Alexander Yakovlev,0.375,33.0
877,Grigorii Popov,0.0,21.1528
878,Jorge Masvidal,0.6296,57.6364
879,Lyman Good,0.6,65.0
880,Muslim Salikhov,0.6364,21.1528
881,Alex White,0.4444,49.5
882,Enrique Barzola,0.75,55.0
883,Raphael Pessoa Nunes,0.0,2.4
884,Joe Lauzon,0.5385,22.125
885,Kyle Bochniak,0.3333,52.0
886,Daniel Spitz,0.3333,51.0
887,Joanna Jedrzejczyk,0.7143,131.875
888,Luke Jumeau,0.6667,44.5
889,Nadia Kassem,0.5,52.0
890,Michal Oleksiejczuk,0.5385,76.0
891,Alen Amedovski,0.0,19.8418
892,Siyar Bahadurzada,0.5714,35.8
893,Brandon Davis,0.3333,76.0
894,Martin Bravo,0.3333,56.0
895,Jose Quinonez,0.625,40.8
896,Marco Polo Reyes,0.5714,6.0
897,Sergio Pettis,0.6154,81.0
898,Vinicius Moreira,0.25,19.8418
899,Caludio Puelles,0.5,3.06
900,Kyle Prepolec,0.0,19.8418
901,Mairbek Taisumov,0.875,33.0
902,Nordine Taleb,0.6364,57.0
903,Don Madge,1.0,19.8418
904,Daniel Cormier,0.9048,66.5
905,Yoel Romero,0.6923,40.6667
906,Manny Bermudez,0.75,19.8418
907,Vincente Luque,0.8182,5.18
908,Luiz Garagorri,,3.75
909,Darko Stosic,0.3333,19.8418
910,Cris Cyborg,0.9167,75.5
911,Olivier Aubin-Mercier,0.6364,45.0
912,Erik Koch,0.5385,22.5
913,James Vick,0.6923,44.2
914,Ray Borg,0.6364,19.8418
915,Urijah Faber,0.6786,51.2857
916,Liu Pingyuan,0.6667,32.0
917,Benito Lopez,0.75,78.0
918,Gilbert Melendez,0.7083,69.5
919,Caludia Gadelha,0.5556,3.17
920,Allen Crowder,0.5,19.8418
921,Alexander Gustafsson,0.5882,45.7857
922,Jimi Manuwa,0.5455,53.0
923,Damir Hadzovic,0.5,34.8
924,Daniel Teymur,0.25,69.0
925,Rostem Akman,0.0,21.1528
926,Tonya Evinger,0.0,32.0
927,Stevie Ray,0.6,43.0
928,Nick Hein,0.5714,50.0
929,Antonio Carlos Junior,0.6364,23.5714
930,Desmond Green,0.5,57.0
931,Patrick Cummins,0.5,44.2
932,Rogerio Nogueira,0.7037,28.8889
933,BJ Penn,0.4615,40.6471
934,Talita Bernardo,0.3333,42.6667
935,Arjan Bhullar,0.6667,26.6667
936,Mitch Gagnon,0.5714,28.5714
937,John Lineker,0.8,96.0
938,Ben Saunders,0.5,29.4167
939,Sultan Aliev,0.3333,19.8418
940,Magomed Mustafaev,0.75,19.8418
941,Wilson Reis,0.5833,33.0
942,Boston Salmon,0.0,21.1528
943,Curtis Millender,0.75,58.0
944,Lauren Mueller,0.3333,58.0
945,David Branch,0.5,20.1667
946,Ross Pearson,0.48,66.5
947,Ryan MacDonald,0.0,21.1528
948,Eric Shelton,0.4,49.6667
949,Jack Marshman,0.4286,42.0
950,Danny Henry,0.6667,93.0
951,Tim Boetsch,0.5217,32.8
952,Anthony Rocco Martin,0.6429,33.6
953,Liz Carmouche,0.5385,35.25
954,Michel Prazeres,0.7692,36.0
955,Renan Barao,0.5625,68.0
956,Alexandra Albu,0.6667,62.0
957,Teruto Ishihara,0.375,88.0
958,Wuliji Buren,0.0,24.0
959,Junior Albini,0.25,34.5
960,Magomed Bibulatov,0.5,51.0
961,Gregor Gillespie,0.8571,41.0
962,Paige VanZant,0.625,67.0
963,Dennis Bermudez,0.5625,55.0
964,Kyle Stewart,0.0,21.1528
965,Chad Mendes,0.6923,56.0
966,Cat Zingano,0.5,37.5
967,Zak Ottow,0.5714,65.0
968,Trevor Smith,0.4545,87.0
969,Adam Milstead,0.3333,39.0
970,Chris de la Rocha,0.3333,26.6667
971,Elias Theodorou,0.8,73.0
972,Chad Laprise,0.6667,71.0
973,Mark Hunt,0.4706,36.0
974,Suman Mokhtarian,0.0,21.1528
975,Yushin Okami,0.7,31.2
976,Keita Nakamura,0.4,36.25
977,Elias Garcia,0.0,19.8418
978,Mizuto Hirota,0.1667,58.0
979,Alex Gorgees,,21.1528
980,Darren Stewart,0.4545,24.1429
981,Rick Glenn,0.6,84.0
982,Cezar Ferreira,0.6429,42.0
983,Humberto Bandenay,0.3333,19.8418
984,Laureano Staropoli,0.4,97.0
985,Devin Powell,0.3333,32.5
986,Nad Narimani,0.6667,64.5
987,Joseph Morales,0.5,21.1528
988,Jason Knight,0.5,54.3333
989,Adam Wieczorek,1.0,42.0
990,Andre Soukhamthath,0.3333,46.0
991,Alex Garcia,0.5556,35.0
992,Thibault Gouti,0.2,20.4
993,Te Edwards,0.0,21.1528
994,Gray Maynard,0.5789,30.6667
995,Ryan LaFlare,0.7778,61.0
996,Luis Henrique,0.4,20.4
997,Thales Leites,0.6,26.1579
998,Aleksei Kunchenko,0.6667,44.0
999,Khalid Murtazaliev,,21.1528
1000,Adam Yandiev,,21.1528
1001,Roberto Sanchez,0.5,19.8418
1002,Jake Ellenberger,0.5,27.0
1003,John Moraga,0.6154,34.0
1004,James Krause,0.5714,96.0
1005,TJ Dillashaw,0.7647,73.0909
1006,Demetrious Johnson,0.8824,69.0
1007,Matt Sayles,0.5,77.0
1008,Danielle Taylor,0.5,44.6667
1009,Eddie Alvarez,0.5714,53.4286
1010,Jordan Mein,0.5,33.375
1011,Kajan Johnson,0.6667,35.3333
1012,Dustin Ortiz,0.6154,55.0
1013,Vitor Miranda,0.5,36.0
1014,Emil Meek,0.3333,50.0
1015,Justin Ledet,0.5,113.0
1016,Jeremy Kimball,0.3333,19.8418
1017,Damian Stasiak,0.4,22.6
1018,Sage Northcutt,0.7143,34.7143
1019,Myles Jury,0.7273,34.0
1020,Justin Scoggins,0.5,44.0
1021,Jessica Aguilar,0.25,85.0
1022,Gokhan Saki,1.0,40.0
1023,Jamie Moyle,0.5,76.5
1024,Jay Cucciniello,,21.1528
1025,John Gunther,1.0,27.0
1026,Tyler Diamond,,21.1528
1027,Matt Bessette,0.0,43.0
1028,Felipe Arantes,0.4545,40.0
1029,Rolando Dy,0.3333,34.0
1030,Shinsho Anzai,0.6667,35.0
1031,Viviane Pereira,0.6667,52.5
1032,Jenel Lausa,0.3333,56.0
1033,CM Punk,0.0,21.1528
1034,Rashad Coulter,0.0,36.0
1035,Rashad Evans,0.6364,28.8824
1036,Mike Santiago,0.0,37.5
1037,Johnny Eduardo,0.4286,39.5
1038,Jarred Brooks,0.3333,29.3333
1039,Eric Spicely,0.3333,21.1528
1040,Daniel Kelly,0.6667,43.0
1041,Bradley Scott,0.4286,55.0
1042,Diego Rivas,0.6667,21.1528
1043,Henry Briones,0.25,44.6667
1044,Vitor Belfort,0.6,11.4
1045,Alberto Mina,1.0,51.5
1046,Justin Willis,1.0,52.25
1047,Dhiego Lima,0.4,37.5
1048,Matthew Lopez,0.4,30.25
1049,Bec Rawlings,0.3333,69.0
1050,Tom Duquesnoy,0.5,36.0
1051,Mark Godbeer,0.6667,48.5
1052,CB Dollaway,0.5789,23.2778
1053,Mike Pyle,0.5556,24.8333
1054,Bryan Caraway,0.6667,32.1111
1055,Jordan Johnson,1.0,46.6667
1056,Albert Morales,0.2,79.0
1057,Joshua Burkman,0.3333,32.9375
1058,Oskar Piechota,0.4,56.0
1059,Damien Brown,0.4,39.2
1060,Rob Wilkinson,0.0,24.0
1061,Lyoto Machida,0.6522,43.5
1062,Tim Johnson,0.5,37.6
1063,Alan Patrick,0.625,28.0
1064,Maia Stevenson,,21.1528
1065,Iuri Alcantara,0.5882,41.0
1066,Jordan Rinaldi,0.5,19.8418
1067,Austin Arnett,0.3333,43.0
1068,Sabah Homasi,0.0,36.0
1069,Kalindra Faria,0.0,19.8418
1070,Mads Burnell,0.5,19.8418
1071,Carls John De Tomas,0.0,30.0
1072,Antonio Braga Neto,0.5,21.1528
1073,David Teymur,1.0,54.6
1074,Amanda Cooper,0.4,35.0
1075,Nicco Montano,1.0,21.1528
1076,Barb Honchak,0.0,71.0
1077,Joe Soto,0.4286,62.0
1078,Christina Marks,,21.1528
1079,Karine Gevorgyan,,21.1528
1080,Ariel Beck,,21.1528
1081,Michael Bisping,0.7143,56.7778
1082,Wang Guan,,21.1528
1083,Kailin Curran,0.1667,54.5
1084,Cyril Asker,0.5,19.8418
1085,Alex Chambers,0.25,32.75
1086,Anthony Hamilton,0.3333,38.2
1087,Nate Marquardt,0.5417,27.6364
1088,Johny Hendricks,0.65,47.5714
1089,Hacran Dias,0.4286,32.0
1090,Marcelo Golm,0.3333,47.0
1091,Marcin Held,0.0,30.0
1092,Artem Lobov,0.3333,56.6
1093,Salim Touahri,0.0,35.0
1094,Pearl Gonzalez,0.0,37.0
1095,Takanori Gomi,0.3333,44.5
1096,Syuri Kondo,0.3333,135.0
1097,Daichi Abe,0.5,63.0
1098,Luke Rockhold,0.7895,33.25
1099,Hector Lombard,0.2727,37.0
1100,Jason Saggo,0.6,26.75
1101,Mitch Clarke,0.3333,27.4
1102,Francimar Barroso,0.5,42.5
1103,Bojan Mihajlovic,0.0,19.8418
1104,Alvaro Herrera,0.3333,19.8418
1105,Rafael Natal,0.5625,42.8333
1106,Damian Grabowski,0.0,19.8418
1107,Frankie Perez,0.3333,19.8418
1108,James Mulheron,,21.1528
1109,Charlie Ward,0.0,21.1528
1110,Leslie Smith,0.5,79.0
1111,Daniel Omielanczuk,0.5,49.0
1112,Travis Browne,0.5625,25.75
1113,Josh Stansbury,0.5,61.0
1114,Dong Hyun Kim,0.7647,34.25
1115,Tarec Saffiedine,0.4,120.0
1116,Kwan Ho Kwak,0.0,53.0
1117,Naoki Inoue,1.0,62.0
1118,Kiichi Kunimoto,0.75,21.1528
1119,Erick Silva,0.5,21.1528
1120,Luan Chagas,0.3333,60.6667
1121,Peter Sobotta,0.4444,28.5
1122,Oliver Enkamp,0.0,34.0
1123,Reza Madadi,0.5,39.0
1124,Nico Musoke,0.6,45.6
1125,Joachim Christensen,0.5,50.0
1126,Hector Sandoval,0.6667,23.3333
1127,Patrick Williams,0.3333,19.8418
1128,Will Brooks,0.3333,80.0
1129,Brad Pickett,0.3846,39.0
1130,Rony Jason,0.5,41.0
1131,Garreth McLellan,0.25,55.0
1132,Sam Sicilia,0.4545,36.0
1133,Anderson Silva,0.7561,34.0
1134,Abel Trujillo,0.6,57.0
1135,Daniel Jolly,0.0,19.8418
1136,Bobby Nash,0.0,39.0
1137,Henrique da Silva,0.4,81.0
1138,Jason Gonzalez,0.3333,19.8418
1139,Jocelyn Jones-Lybarger,0.0,54.0
1140,Dmitrii Smoliakov,0.0,19.8418
1141,Brandon Thatch,0.4,24.3333
1142,Cole Miller,0.5263,33.0
1143,James Moontasri,0.4,35.0
1144,Bojan Velickovic,0.4,34.25
1145,Tim Kennedy,0.75,54.0
1146,Valerie Letourneau,0.6,104.0
1147,Zach Makovsky,0.5,30.5
1148,Joe Gigliotti,0.0,19.8418
1149,Tiago Trator,0.6667,62.0
1150,Keith Berish,0.0,0.0
1151,Juliana Lima,0.5,32.4
1152,Elvis Mutapcic,0.0,51.0
1153,Kyle Noke,0.5455,50.0
1154,Yusuke Kasuya,0.0,44.0
1155,Seohee Ham,0.3333,73.6667
1156,Richard Walsh,0.4,71.0
1157,Ben Nguyen,0.6667,36.75
1158,Yao Zhikui,0.3333,27.0
1159,Ryan Bader,0.7368,32.4
1160,Gegard Mousasi,0.7273,80.0
1161,Magnus Cedenblad,0.8,19.8418
1162,Kyoji Horiguchi,0.8571,50.1429
1163,Anna Elmose,0.0,19.8418
1164,Erik Perez,0.75,31.125
1165,Marco Beltran,0.75,31.0
1166,Erick Montano,0.5,49.0
1167,Polo Reyes,0.8,72.5
1168,Lukasz Sajewski,0.0,26.0
1169,Jonathan Wilson,0.3333,35.0
1170,Cody East,0.0,26.0
1171,Kelly Faszholz,0.0,76.0
1172,Roy Nelson,0.5,22.9375
1173,Godofredo Pepey,0.5,34.0
1174,Glaico Franca,0.5,31.0
1175,Roan Carneiro,0.5,16.0
1176,Chris Wade,0.6667,26.3333
1177,Augusto Montano,0.5,30.0
1178,Jessin Ayari,0.3333,70.0
1179,Scott Askham,0.4,42.0
1180,Shane Campbell,0.25,50.3333
1181,Jeremy Kennedy,1.0,38.0
1182,Anthony Johnson,0.7222,21.625
1183,Rick Story,0.6667,49.1111
1184,Hyun Gyu Lim,0.5,70.0
1185,Alberto Uda,0.0,19.8418
1186,Viktor Pesta,0.25,30.5
1187,Francisco Rivera,0.4,48.25
1188,Cesar Arzamendia,0.0,21.1528
1189,Jim Alers,0.3333,36.0
1190,Michael McDonald,0.75,51.0
1191,Cain Velasquez,0.8571,51.3846
1192,Cory Hendricks,,21.1528
1193,Anthony Birchak,0.4,21.1528
1194,Russell Doane,0.4286,43.0
1195,Rory MacDonald,0.75,50.5
1196,Steve Bosse,0.5,19.8418
1197,Tamdan McCrory,0.5,20.2857
1198,Chris Beal,0.5,37.5
1199,Ali Bagautinov,0.6667,47.8333
1200,Dan Henderson,0.5294,40.375
1201,Chris Camozzi,0.5,68.0
1202,Antonio Silva,0.3,27.0
1203,Albert Tumenov,0.7143,37.3333
1204,Jon Tuck,0.5,51.5
1205,Yan Cabral,0.5,21.1528
1206,Ulka Sasaki,0.5,19.8418
1207,Efrain Escudero,0.4545,37.7778
1208,Oluwale Bamgbose,0.25,19.8418
1209,Igor Pokrajac,0.3333,23.6667
1210,Ian Entwistle,0.5,19.8418
1211,Filip Pejic,,21.1528
1212,Rob Whiteford,0.5,21.0
1213,James Te Huna,0.5556,37.6667
1214,Brendan O'Reilly,0.3333,28.5
1215,Mike Wilkinson,0.6667,54.0
1216,Norman Parke,0.625,57.0
1217,Teemu Packalen,0.3333,35.0
1218,Daniel Sarafian,0.4,38.0
1219,Jonavin Webb,0.0,23.0
1220,Noad Lahat,0.6667,33.0
1221,Josh Barnett,0.6667,38.0
1222,George Sullivan,0.5,61.0
1223,Matt Dwyer,0.3333,19.8418
1224,Patrick Cote,0.5,30.9
1225,Maximo Blanco,0.5,51.8333
1226,Lorenz Larkin,0.4444,39.8889
1227,Diego Brandao,0.6667,25.2
1228,Sheldon Westcott,0.0,21.1528
1229,Sarah Kaufman,0.3333,144.5
1230,Josh Samman,0.75,36.0
1231,Hayder Hassan,0.0,19.8418
1232,Joe Proctor,0.5714,34.1667
1233,Tatsuya Kawajiri,0.6,32.0
1234,Gabriel Gonzaga,0.5714,15.25
1235,Joby Sanchez,0.25,44.3333
1236,Benson Henderson,0.7692,72.6667
1237,Yoshihiro Akiyama,0.3333,55.0
1238,Dongi Yang,0.25,54.0
1239,Yui Chul Nam,0.5,77.0
1240,Tae Hyun Bang,0.5,31.5
1241,Ning Guangyou,0.6667,38.5
1242,Dominique Steele,0.25,24.0
1243,Horacio Gutierrez,0.0,21.1528
1244,Hector Urbina,0.5,19.8418
1245,Vernon Ramos,,21.1528
1246,Valmir Lazaro,0.5,91.0
1247,Ronda Rousey,0.8571,23.5
1248,Anthony Perosh,0.4545,21.6667
1249,Richie Vaculik,0.3333,34.3333
1250,Fabio Maldonado,0.5,89.0
1251,Gleison Tibau,0.5926,23.5833
1252,Kevin Souza,1.0,65.5
1253,Viscardi Andrade,0.6667,38.0
1254,Bruno Korea,,21.1528
1255,Paddy Holohan,0.75,26.5
1256,Neil Seery,0.5,54.3333
1257,Aisling Daly,0.5,21.5
1258,Cathal Pendred,0.8,38.3333
1259,Bubba Bush,0.0,2.0
1260,Shawn Jordan,0.6667,64.0
1261,Adriano Martins,0.6667,21.1528
1262,Francisco Trevino,0.5,47.0
1263,Chris Cariaso,0.5833,67.0
1264,Takeya Mizugaki,0.6154,59.5
1265,Katsunori Kikuno,0.5,25.6667
1266,Naoyuki Kotani,0.0,10.5
1267,Clay Collard,0.3333,70.0
1268,Joe Riggs,0.4545,15.0
1269,Sam Stout,0.4737,60.7
1270,Yves Jabouin,0.5556,34.375
1271,Chris Kelades,0.6667,50.0
1272,Jared Rosholt,0.8571,36.6667
1273,Chris Dempsey,0.3333,22.5
1274,Anthony Christodoulou,0.0,19.8418
1275,Reginaldo Vieira,0.5,59.0
1276,Rafael Feijao,0.25,24.0
1277,Hugo Viana,0.6,65.0
1278,Kenny Robertson,0.5,37.375
1279,Daron Cruickshank,0.5,41.0
1280,Ramsey Nijem,0.5556,35.5
1281,Jessamyn Duke,0.3333,123.0
1282,Mickael Lebout,0.5,47.0
1283,Marcus Brimage,0.5714,88.0
1284,Frank Mir,0.6154,13.1429
1285,Josh Thomson,0.5,27.3333
1286,Scott Jorgensen,0.3636,44.5
1287,Igor Araujo,0.6667,21.0
1288,Kevin Casey,0.1667,24.1667
1289,Andrew Craig,0.5,36.0
1290,Michael Graves,1.0,27.0
1291,Angela Magana,0.0,37.0
1292,Dan Miller,0.5,23.8182
1293,Darrell Montague,0.0,19.8418
1294,Mike Swick,0.7143,20.0
1295,Yosdenis Cedeno,0.3333,26.0
1296,Leandro Silva,0.4286,50.0
1297,Steve Montgomery,0.0,21.1528
1298,Danny Martinez,0.0,46.3333
1299,Dennis Siver,0.55,39.9412
1300,Alan Omer,0.0,58.0
1301,Niklas Backstrom,0.5,19.8418
1302,Piotr Hallmann,0.4,54.6667
1303,Thiago Tavares,0.5882,21.5833
1304,Brian Ebersole,0.7143,34.1429
1305,Ricardo Abreu,1.0,33.0
1306,KJ Noons,0.4,49.0
1307,Wendell Oliveira,0.0,19.8418
1308,Lucas Martins,0.5,28.5
1309,Luiz Dutra,0.0,19.8418
1310,Mark Munoz,0.5714,33.3333
1311,Phillipe Nover,0.1667,18.8333
1312,Mark Eddiva,0.3333,51.5
1313,Zhang Lipeng,0.6667,19.8418
1314,Roldan Sangcha-an,0.0,36.0
1315,Nolan Ticman,0.0,25.0
1316,Hatsu Hioki,0.4286,45.5
1317,Dylan Andrews,0.5,21.1528
1318,Vik Grujic,0.3333,19.8418
1319,Alptekin Ozkilic,0.3333,58.3333
1320,Rampage Jackson,0.5833,40.3333
1321,Jessica Rakoczy,0.0,19.8418
1322,Eddie Gordon,0.3333,22.3333
1323,Pawel Pawlak,0.5,25.5
1324,Seth Baczynski,0.5,31.6667
1325,Izabela Badurek,,21.1528
1326,Marcin Bandel,0.0,19.8418
1327,Ron Stallings,0.5,30.0
1328,Leonardo Mafra,0.3333,46.0
1329,Jorge de Oliveira,0.0,23.0
1330,Bentley Syler,,21.1528
1331,Jake Lindsey,0.0,49.0
1332,Larissa Pacheco,0.0,19.8418
1333,Masio Fullen,0.5,41.0
1334,William Patolino,0.3333,84.0
1335,Ivan Jorge,0.6667,69.0
1336,Ian McCall,0.4,62.5
1337,Richardson Moreira,0.0,19.8418
1338,Phil Davis,0.75,48.0
1339,Akira Corassani,0.6,46.5
1340,Andy Ogle,0.2,52.0
1341,John Howard,0.5385,26.8462
1342,Johnny Case,0.8,46.5
1343,Matt Van Buren,0.0,19.8418
1344,Tateki Matsuda,0.0,41.0
1345,Danny Castillo,0.5385,55.0
1346,Alexis Dufresne,0.0,19.8418
1347,Elias Silverio,0.75,65.0
1348,Tom Niinimaki,0.3333,19.8418
1349,Leandro Issa,0.5,30.5
1350,Marcio Alexandre Junior,0.0,22.0
1351,Jamie Varner,0.375,33.1429
1352,Joe Ellenberger,1.0,22.0
1353,David Michaud,0.5,59.0
1354,Emily Peters Kagan,0.0,41.0
1355,Todd Duffee,0.75,27.5
1356,Ruslan Magomedov,1.0,55.0
1357,Luke Barnatt,0.6,113.0
1358,Yves Edwards,0.5,27.8421
1359,Juan Puig,0.0,19.8418
1360,Edgar Garcia,0.0,28.0
1361,Caio Magalhaes,0.6667,25.0
1362,Wagner Silva,0.0,19.8418
1363,Soa Palelei,0.6667,25.0
1364,Luke Zachrich,0.5,34.5
1365,Jumabieke Tuerxun,0.0,22.5
1366,Fabricio Camoes,0.2,22.0
1367,Tor Troeng,0.3333,21.1528
1368,Manvel Gamburyan,0.4286,20.6923
1369,Michinori Tanaka,0.5,33.3333
1370,Kazuki Tokudome,0.3333,38.0
1371,Paulo Thiago,0.4167,18.1667
1372,Matt Mitrione,0.6923,44.6667
1373,Sean Soriano,0.0,21.5
1374,Ruan Potts,0.0,19.8418
1375,Francis Carmont,0.75,51.0
1376,Sai Wang,0.0,31.0
1377,Roland Delorme,0.5,36.0
1378,An Ying Wang,1.0,19.8418
1379,Elizabeth Phillips,0.3333,67.0
1380,Tom Watson,0.3333,65.0
1381,Kyle Kingsbury,0.5,43.6
1382,Hernani Perpetuo,0.0,21.0
1383,Akbarh Arreola,0.3333,30.0
1384,Andreas Stahl,0.0,41.0
1385,Steven Siler,0.625,76.5
1386,Cody Donovan,0.3333,26.6667
1387,Justin Salas,0.5,50.0
1388,Jesse Ronson,0.0,45.5
1389,Patrick Walsh,1.0,21.1528
1390,George Roop,0.4167,38.2
1391,Clint Hester,0.6667,66.0
1392,Colton Smith,0.3333,24.0
1393,Johnny Bedford,0.4,82.0
1394,Marcelo Guimaraes,0.6667,63.0
1395,Chris Indich,0.0,19.8418
1396,Yaotzin Meza,0.3333,19.8418
1397,Bobby Voelker,0.0,83.0
1398,Rodrigo Damm,0.5,51.25
1399,Vaughan Lee,0.4286,37.8333
1400,Chris Holdsworth,1.0,21.1528
1401,Anthony Njokuani,0.4286,94.0
1402,Costas Philippou,0.6667,36.2
1403,Anthony Lapsley,0.0,19.8418
1404,Estevan Payan,0.0,28.5
1405,Ryan Jimmo,0.5,34.25
1406,Mark Bocek,0.5833,23.4545
1407,Minotauro Nogueira,0.5,24.6
1408,Ronny Markes,0.75,51.0
1409,Thiago Perpetuo,0.5,68.0
1410,Jake Shields,0.5714,51.6667
1411,Sean Spencer,0.4286,72.0
1412,Renee Forte,0.3333,36.5
1413,Will Campuzano,0.0,39.6667
1414,Bubba McDaniel,0.5,35.0
1415,Cyrille Diabate,0.5714,58.0
1416,Nam Phan,0.2857,104.667
1417,Albert Cheng,,21.1528
1418,Cody Gibson,0.2857,23.3333
1419,Rafaello Oliveira,0.2857,34.0
1420,Ernest Chavez,0.5,41.0
1421,Cristiano Marcello,0.3333,55.5
1422,Ildemar Alcantara,0.6667,31.25
1423,Nick Catone,0.4286,28.2
1424,Junior Hernandez,0.0,19.8418
1425,Isaac Vallie-Flagg,0.3333,76.0
1426,Charlie Brenneman,0.4,33.0
1427,Royston Wee,1.0,21.1528
1428,Dustin Kimura,0.5,19.8418
1429,Chris Leben,0.5714,28.9375
1430,Robert Peralta,0.5714,59.5
1431,Darren Uyenoyama,0.6667,19.8418
1432,Pat Barry,0.4545,21.8
1433,Julie Kedzie,0.0,28.0
1434,Nick Ring,0.6,56.4
1435,Bruno Santos,0.5,21.1528
1436,Ben Wall,0.0,21.1528
1437,Joshua Sampo,0.3333,28.0
1438,Georges St-Pierre,0.9048,59.7143
1439,Josh Koscheck,0.625,19.5238
1440,Jason High,0.5,19.8418
1441,Jose Maria,0.0,19.8418
1442,Alessio Sakara,0.4286,20.8
1443,Phil Harris,0.25,21.5
1444,Rosi Sexton,0.0,34.0
1445,Jimy Hettes,0.6,56.6667
1446,George Sotiropoulos,0.7,24.375
1447,TJ Waldburger,0.5714,37.0
1448,Jeremy Larsen,0.0,32.5
1449,Dustin Pague,0.2,21.1528
1450,Thiago Silva,0.5455,28.7273
1451,Rousimar Palhares,0.6364,15.125
1452,Iliarde Santos,0.0,23.0
1453,Brendan Schaub,0.6,28.0
1454,Pat Healy,0.0,42.25
1455,Mike Ricci,0.5,28.0
1456,Ivan Menjivar,0.5,28.4
1457,Chris Clements,0.5,53.0
1458,Nandor Guelmino,,21.1528
1459,Marcos Vinicius,0.5,28.0
1460,Joao Zeferino,0.0,19.8418
1461,Keith Wisniewski,0.0,27.6667
1462,Yuri Villefort,0.0,48.0
1463,Louis Gaudinot,0.25,35.5
1464,Pascal Krauss,0.6667,82.0
1465,Chico Camus,0.4286,34.1429
1466,Ryan Couture,0.0,29.0
1467,Jared Hamman,0.3333,51.75
1468,Justin Edwards,0.3333,42.0
1469,James Head,0.5,30.0
1470,Mike Brown,0.4,40.5
1471,Vinny Magalhaes,0.25,20.5
1472,Ednaldo Oliveira,0.0,19.8418
1473,Mac Danzig,0.4167,37.9091
1474,Aaron Riley,0.375,39.5714
1475,John Albert,0.25,26.0
1476,Mike Pierce,0.6923,40.5
1477,Sean Pierson,0.6,112.0
1478,Brian Bowles,0.6667,24.0
1479,Leonard Garcia,0.25,39.875
1480,Clifford Starks,0.5,26.0
1481,Bristol Marunde,0.0,21.1528
1482,Justin Lawrence,0.5,54.0
1483,Chris Spang,,21.1528
1484,Benny Alloway,0.5,21.1528
1485,Michael Kuiper,0.3333,43.0
1486,Papy Abedi,0.3333,26.0
1487,Antonio Carvalho,0.6667,37.0
1488,Wanderlei Silva,0.3636,25.6364
1489,Riki Fukuda,0.5,76.0
1490,Jon Manley,,21.1528
1491,Nah-Shon Burrell,1.0,121.0
1492,Terry Etim,0.6,25.4286
1493,Paul Sass,0.75,21.1528
1494,Jon Fitch,0.8235,36.7059
1495,Jacob Volkmann,0.6667,21.25
1496,Edwin Figueroa,0.4,45.0
1497,TJ Grant,0.7,48.4
1498,Mike Stumpf,0.0,19.8418
1499,Mike Russow,0.8,21.0
1500,Simeon Thoresen,0.5,37.0
1501,Diego Nunes,0.6,65.0
1502,Wagner Prado,0.0,2.0
1503,Melvin Guillard,0.5714,20.2857
1504,Philip De Fries,0.5,19.8418
1505,Reuben Duran,0.3333,67.0
1506,Mike Rio,0.3333,30.0
1507,Jared Papazian,0.0,68.0
1508,Colin Fletcher,0.0,56.0
1509,Brendan Loughnane,,21.1528
1510,Nick Penner,0.0,19.8418
1511,Marcus LeVesseur,0.5,30.0
1512,Mark Hominick,0.5,42.5
1513,Matthew Riddle,0.6,46.0
1514,Rich Franklin,0.7368,44.4211
1515,Tiequan Zhang,0.3333,21.1528
1516,Yasuhiro Urushitani,0.0,19.8418
1517,Luiz Cane,0.5,31.0
1518,Josh Neer,0.4286,35.0909
1519,Aaron Simpson,0.7,42.6
1520,Bart Palaszewski,0.3333,26.6667
1521,Dan Hardy,0.5556,36.25
1522,John Hathaway,0.875,53.25
1523,Che Mills,0.5,19.8418
1524,DaMarques Johnson,0.4444,19.0
1525,Jason Young,0.3333,57.0
1526,Matt Hamill,0.7143,35.7857
1527,Ken Stone,0.6667,29.3333
1528,Josh Grispi,0.0,19.8418
1529,Cheick Kongo,0.6471,36.3846
1530,Karlos Vemola,0.4,19.8418
1531,Damacio Page,0.0,20.0
1532,Forrest Griffin,0.6429,54.8333
1533,Cung Le,0.6667,43.5
1534,John Alessio,0.0,16.0
1535,Anistavio Medeiros,,21.1528
1536,Delson Heleno,,21.1528
1537,John Teixeira,,21.1528
1538,Buddy Roberts,1.0,35.0
1539,Henry Martinez,0.5,67.0
1540,Jake Hecht,0.5,33.0
1541,Jonathan Brookins,0.5,32.0
1542,Jason Miller,0.0,21.5
1543,Amir Sadollah,0.6,60.25
1544,Jason MacDonald,0.4615,12.2
1545,Cody McKenzie,0.5,21.1528
1546,Jeff Curran,0.0,25.0
1547,Alex Soto,0.0,19.8418
1548,Mike Massenzio,0.3333,20.6
1549,Miguel Torres,0.6667,73.0
1550,Brian Stann,0.6,30.4286
1551,Mackens Semerzier,0.5,29.5
1552,Oli Thompson,0.0,29.0
1553,Norifumi Yamamoto,0.0,21.1528
1554,Anton Kuivanen,0.5,38.0
1555,Dan Stittgen,0.0,21.1528
1556,Chael Sonnen,0.5385,38.25
1557,Joey Beltran,0.3333,62.8
1558,Duane Ludwig,0.5,44.0
1559,Mike Easton,0.5,58.0
1560,Jorge Rivera,0.5,28.25
1561,Kamal Shalorus,0.0,26.0
1562,Joseph Sandoval,0.0,19.8418
1563,Ricardo Funch,0.0,16.0
1564,Brock Lesnar,0.6667,34.75
1565,Vladimir Matyushenko,0.6364,23.0
1566,Tito Ortiz,0.5769,27.7391
1567,Claude Patrick,1.0,21.6667
1568,Krzysztof Soszynski,0.75,35.5
1569,Walel Watson,0.3333,28.0
1570,Rich Attonito,0.75,30.25
1571,Stephan Bonnar,0.5714,31.9286
1572,Tom Lawlor,0.6,31.4
1573,Aaron Rosa,0.5,73.0
1574,John Maguire,0.5,27.0
1575,Rob Broughton,0.5,67.0
1576,Michihiro Omigawa,0.1667,31.75
1577,Chris Cope,0.5,66.0
1578,Mirko Cro Cop,0.4,21.5
1579,Tyson Griffin,0.6154,53.2222
1580,Brandon Vera,0.5333,30.8
1581,Steve Cantwell,0.2,40.6
1582,Shane Roller,0.4,26.0
1583,Matt Hughes,0.75,23.2727
1584,Junior Assuncao,0.5,25.0
1585,Alan Belcher,0.6429,26.5455
1586,Clay Harvison,0.5,57.0
1587,Dennis Hallman,0.375,10.6667
1588,Jeff Hougland,0.5,61.0
1589,Christian Morecraft,0.3333,36.0
1590,Joe Stevenson,0.5333,20.1538
1591,Daniel Roberts,0.5,19.8418
1592,Shane Carwin,0.8,22.2
1593,Kenny Florian,0.75,25.875
1594,Dave Herman,0.25,55.0
1595,Vagner Rocha,0.3333,46.0
1596,Jesse Bongfeldt,0.0,53.0
1597,Chuck O'Neil,,21.1528
1598,Danny Downes,0.0,32.0
1599,Ryan McGillivray,,21.1528
1600,Kendall Grove,0.5833,20.8889
1601,Cole Escovedo,0.0,29.0
1602,Jon Madsen,1.0,31.6667
1603,Sean McCorkle,0.5,19.8418
1604,Mario Miranda,0.3333,29.0
1605,Waylon Lowe,0.6667,19.8418
1606,Ricardo Almeida,0.6,20.7
1607,Kurt Pellegrino,0.6364,23.3636
1608,Rob Kimmons,0.5,15.5
1609,Tom Blackledge,,21.1528
1610,Maciej Jewtuszko,,21.1528
1611,Paul Taylor,0.375,57.25
1612,Phil Baroni,0.3333,26.8889
1613,Joe Doerksen,0.25,15.1429
1614,Pat Audinwood,0.0,19.8418
1615,Ian Loveland,0.5,44.5
1616,Sako Chivitchian,,21.1528
1617,Fredson Paixao,,21.1528
1618,Gerald Harris,1.0,21.0
1619,Karo Parisyan,0.6667,31.0833
1620,Mike Lullo,0.0,21.1528
1621,Paul Kelly,0.625,39.1667
1622,Seth Petruzelli,0.0,21.0
1623,Kris McCray,0.0,19.8418
1624,Mike Guymon,0.3333,32.5
1625,James Wilks,0.6667,24.6667
1626,Spencer Fisher,0.5625,37.9333
1627,James McSweeney,0.5,58.0
1628,Matt Serra,0.5385,16.0769
1629,Sean Sherk,0.6364,34.2727
1630,Steve Lopez,0.0,6.0
1631,Tomasz Drwal,0.6,28.75
1632,Brian Foster,0.5,14.0
1633,Randy Couture,0.6957,34.7727
1634,Andre Winner,0.4,40.3333
1635,Nick Osipczak,0.5,30.0
1636,Dustin Hazelett,0.5556,14.375
1637,Rodney Wallace,0.0,24.5
1638,Todd Brown,0.0,28.0
1639,James Irvin,0.4444,5.3333
1640,Chris Lytle,0.4737,37.0556
1641,Forrest Petz,0.3333,32.4
1642,Keith Jardine,0.5,39.4167
1643,Jamie Yager,,21.1528
1644,John Gunderson,0.5,16.0
1645,Josh Bryant,,21.1528
1646,Chuck Liddell,0.7273,27.0
1647,David Loiseau,0.5,20.5
1648,Jason Brilz,0.5,41.25
1649,Jesse Forbes,0.0,20.5
1650,Kevin Ferguson,1.0,27.0
1651,Marcus Davis,0.6429,24.2143
1652,Yoshiyuki Yoshida,0.5,2.75
1653,Nate Quarry,0.7778,31.0
1654,Rob Emerson,0.5,26.8333
1655,Caol Uno,0.3333,28.8889
1656,Eliot Marshall,0.6,27.0
1657,Eric Schafer,0.375,17.2857
1658,Kai Asakura,,0.0
1659,Lukasz Brzeski,0.3333,4.9
1660,Gabriella Fernandes,0.3333,3.73
1661,Ozzy Diaz,0.0,2.21
1662,SuYoung You,1.0,2.11
1663,DongHun Choi,1.0,4.54
1664,Feng Xiaocan,1.0,5.43
1665,Jose Ochoa,,3.33
1666,Quang Le,0.0,3.02
1667,Roberto Romero,,4.93
1668,Carlos Prates,1.0,4.71
1669,Reinier de Ridder,,3.24
1670,Cortavious Romious,0.5,2.1
1671,Zachary Scroggin,,2.4
1672,Antonio Trocoli,0.0,1.29
1673,Klaudia Sygula,,1.89
1674,Brendson Ribeiro,0.3333,3.16
1675,Garrett Armfield,0.5,5.59
1676,Aleksandar Rakic,0.6667,75.0
1677,Rafael Cerqueira,,1.18
1678,Myktybek Orolbai,1.0,3.42
1679,Victor Hugo,1.0,3.46
1680,Carlos Leal,,7.13
1681,Sumudaerji,0.5,4.72
1682,Cameron Smotherman,0.0,6.25
1683,Jean Matsumoto,1.0,5.2
1684,Alice Ardelean,0.0,4.97
1685,Ramazan Temirov,,8.12
1686,Sean Sharaf,,7.31
1687,Cody Haddon,1.0,9.2
1688,Lucas Rocha,1.0,2.0
1689,Kayla Harrison,1.0,7.52
1690,Ihor Potieria,0.4286,5.13
1691,Tecia Pennington,0.5625,4.82
1692,Gabriel Miranda,0.5,3.52
1693,Ivan Erslan,,2.6
1694,Daria Zhelezniakova,1.0,3.8
1695,Ketlen Souza,0.5,5.11
1696,Yanal Ashmouz,0.5,3.08
1697,Chris Padilla,1.0,5.8
1698,Brendon Marotte,0.0,3.0
1699,Andre Lima,1.0,3.75
1700,Gabriel Santos,0.0,4.69
1701,Nathan Fletcher,,2.25
1702,Ryan Loder,,6.16
1703,Mairon Santos,,4.77
1704,Jose Daniel Medina,0.0,1.87
1705,Chepe Mariscal,1.0,4.75
1706,Nikolay Veretennikov,0.0,3.4
1707,Chelsea Chandler,0.6667,3.53
1708,Talita Alencar,1.0,2.49
1709,Jordan Vucenic,,2.27
1710,Sam Hughes,0.375,4.33
1711,Rolando Bedoya,0.0,7.29
1712,Caolan Loughran,0.5,5.64
1713,Kiefer Crosbie,0.0,6.27
1714,Kaynan Kruschewsky,0.5,5.67
1715,Hyder Amil,1.0,6.31
1716,Jean Silva,1.0,5.37
1717,Fatima Kline,,2.6
1718,Darrius Flowers,0.3333,3.07
1719,Michael Page,1.0,2.38
1720,Yanis Ghemmouri,0.0,2.29
1721,Felipe Lima,,3.29
1722,Muin Gafurov,0.0,3.03
1723,ChangHo Lee,1.0,4.9
1724,Lucas Almeida,0.25,4.94
1725,Jose Johnson,0.5,2.22
1726,Adam Fugitt,0.3333,4.72
1727,Jesse Butler,0.0,2.02
1728,Daniel Marcos,1.0,5.94
1729,Puja Tomar,,6.33
1730,Vinicius Salvador,0.3333,5.48
1731,Tuco Tokkos,0.0,3.26
1732,Melissa Gatto,0.5,7.0
1733,Trey Waters,0.5,6.43
1734,Ernesta Kareckaite,1.0,7.9
1735,Kevin Borjas,0.5,4.92
1736,Bogdan Guskov,0.5,3.13
1737,Michal Figlak,0.0,4.0
1738,Charlie Campbell,0.5,5.55
1739,Rhys McKee,0.0,4.8
1740,Connor Matthews,0.5,5.3
1741,Anton Turkalj,0.25,2.45
1742,Luis Pajuelo,1.0,6.03
1743,Steven Nguyen,0.6667,7.15
1744,Danny Silva,1.0,8.3
1745,Mitch Ramirez,0.0,2.37
1746,Bekzat Almakhan,,0.2
1747,Benardo Sopaj,,3.06
1748,AJ Cunningham,0.0,7.66
1749,Francisco Prado,0.5,4.58
1750,Mateus Mendonca,0.3333,1.66
1751,Denys Bondar,0.0,4.59
1752,Carlos Vera,,0.8
1753,Val Woodburn,0.0,1.6
1754,Pete Rodriguez,0.5,10.37
1755,Blake Bilder,0.6667,3.81
1756,MarQuel Mederos,1.0,4.39
1757,Jamal Pogues,0.75,3.36
1758,Ramon Taveras,0.5,4.63
1759,Felipe Bunes,,5.25
1760,Nick Aguirre,0.0,0.73
1761,Lucas Alexander,0.5,5.23
1762,Rafael Estevam,1.0,2.94
1763,Montserrat Conejo Ruiz,0.3333,0.79
1764,Anshul Jubli,1.0,6.48
1765,Ravena Oliveira,,1.0
1766,Hannah Goldy,0.4,6.53
1767,Terrence Mitchell,0.0,2.21
1768,Manolo Zecchini,,2.34
1769,Taila Santos,0.6667,19.8418
1770,Jonny Parsons,1.0,4.65
1771,Genaro Valdez,0.3333,4.08
1772,Carl Deaton,0.0,1.53
1773,Maxim Grishin,0.5,3.26
1774,Nick Fiore,0.0,2.83
1775,Nurullo Aliev,1.0,2.5
1776,Khusein Askhabov,,2.0
1777,Juancamilo Ronderos,0.0,4.78
1778,Don Shainis,0.0,3.42
1779,Saidyokub Kakhramonov,1.0,2.46
1780,Jay Perrin,0.0,3.71
1781,Steven Koslow,,0.77
1782,Kevin Natividad,0.0,2.68
1783,Shanna Young,0.25,3.79
1784,Carlos Mota,,0.8
1785,Joshua Weems,0.0,5.25
1786,Gadzhi Omargadzhiev,0.5,1.8
1787,Cameron VanCamp,0.0,5.31
1788,Danyelle Wolf,1.0,2.37
1789,Harry Hunsucker,0.0,4.33
1790,Charlie Ontiveros,0.0,1.89
1791,Tony Kelley,0.6667,7.6
1792,Danny Chavez,0.5,2.93
1793,Zarrukh Adashev,0.3333,3.75
1794,Askar Mozharov,,0.43
1795,Alex Da Silva,0.3333,19.8418
1796,Felipe Colares,0.4,19.8418
1797,Tristan Connelly,0.5,4.27
1798,Sergey Khandozhko,0.5,19.8418
1799,Cameron Else,0.0,1.99
1800,TJ Laramie,0.5,3.2
1801,Brandon Jenkins,0.0,2.93
1802,Kevin Croom,0.0,2.65
1803,Bruno Souza,0.0,3.73
1804,Micheal Gillmore,0.0,2.35
1805,Mark Striegl,0.0,1.4
1806,Jesse Strader,0.0,7.12
1807,Fabio Cherant,0.0,2.01
1808,Danilo Marques,0.6667,1.81
1809,Leah Letson,1.0,19.8418
1810,John Allan,0.0,3.59
1811,Zviad Lazishvili,,4.2
1812,Gaetano Pirrello,0.0,0.99
1813,Martin Sano,,4.0
1814,Sarah Alpar,0.5,4.42
1815,Drako Rodriguez,0.5,3.37
1816,Anderson Dos Santos,0.3333,19.8418
1817,Jamey Simmons,0.0,0.79
1818,Montserrat Conejo,1.0,1.16
1819,Jerome Rivera,0.25,3.79
1820,Justin Jaynes,0.25,23.41
1821,Roque Martinez,0.0,3.28
1822,Lara Procopio,0.5,11.0
1823,Victor Rodriguez,0.0,1.59
1824,KB Bhullar,0.0,4.31
1825,Stefan Sekulic,0.0,19.8418
1826,Jarjis Danho,0.0,19.8418
1827,Ray Rodriguez,0.0,1.24
1828,Philip Rowe,1.0,8.18
1829,Peter Barrett,0.3333,7.27
1830,Rachael Ostovich,0.3333,21.5
1831,Eduardo Garagorri,0.5,19.8418
1832,Phillip Hawes,0.5,3.47
1833,Liliya Shakirova,,0.0
1834,Jeff Hughes,0.0,19.8418
1835,Austin Springer,,3.46
1836,Mizuki Inoue,1.0,6.2
1837,Alex Munoz,,4.07
1838,Ali Qaisi,,0.0
1839,Raphael Pessoa,0.5,2.4
1840,Chris Fishgold,0.3333,20.0
1841,Roman Bogatov,,0.0
1842,Zhalgas Zhamagulov,,0.0
1843,Brianna Van Buren,1.0,4.8
1844,Max Rohskopf,,0.0
1845,Klidson Abreu,0.3333,19.8418
1846,Saparbeg Safarov,0.3333,37.0
1847,Joshua Culibao,,0.0
1848,Kalinn Williams,,0.0
1849,Youssef Zalel,,0.0
1850,Luci Pudilova,0.3333,19.8418
1851,Ode Obsourne,,19.8418
1852,Omar Antonio Morales Ferrer,,19.8418
1853,Isabela De Pauda,,19.8418
1854,Rocco Martin,0.6154,19.8418
1855,Chance Rencountre,0.6667,19.8418
1856,Ben Askren,0.5,19.8418
1857,Thomas Gifford,0.0,19.8418
1858,Hector Aldana,0.0,39.0
1859,Danilo Belluardo,0.0,19.8418
1860,Nohelin Hernandez,0.0,1.32
1861,Carlos Huachin,0.0,19.8418
1862,Marcos Mariano,0.0,19.8418
1863,Derrick,0.0,2.07
1864,Jodie Esquibel,0.0,73.0
1865,Bobby Moffett,0.5,20.0
1866,Krzystof Jotko,0.6364,2.84
1867,Yoshinori Horie,,2.76
1868,Sarah Frota,0.0,19.8418
1869,Jin Soo Son,0.0,19.8418
1870,Sheymon Moraes,0.5,45.5
1871,Dan Moret,0.0,20.0
1872,Nina Ansaroff,0.6667,76.5
1873,Sung Bin Jo,,19.8418
1874,Duda Santana,,19.8418
1875,Derrick Krantz,,19.8418
1876,Jesus Pinedo,1.0,60.0
1877,Carlo Pedersoli,0.5,67.0
1878,Justin Frazier,,19.8418
1879,Michel Batista,,19.8418
1880,Darrell Horcher,0.3333,26.3333
1881,Ricky Rainey,0.0,19.8418
1882,Terrion Ware,0.0,77.6667
1883,Craig White,0.0,19.8418
1884,Tim Williams,0.0,19.8418
1885,Jose Torres,1.0,22.0
1886,Joe Giannetti,,19.8418
1887,Richie Smullen,,19.8418
1888,Allan Zuniga,,19.8418
1889,Melinda Fabian,0.0,49.0
1890,Felipe Silva,0.5,19.8418
1891,James Bochnovic,0.0,19.8418
1892,Dmitry Sosnovskiy,,19.8418
1893,Brian Camozzi,0.0,29.0
1894,Galore Bofando,1.0,19.8418
1895,Ryan Janes,0.3333,82.0
1896,Bharat Kandare,,19.8418
1897,Ashkan Mokhtarian,0.0,19.8418
1898,Michel Quinones,0.0,19.8418
1899,Marcel Fortuna,0.5,34.0
1900,Christian Colombo,0.0,76.0
1901,Chanmi Jeon,0.0,92.0
1902,Zu Anyanwu,,19.8418
1903,Abdul-Kerim Edilov,,19.8418
1904,Andrew Holbrook,0.5,20.0
1905,Jesse Taylor,0.0,4.0
1906,Nick Roehrick,,19.8418
1907,Tom Gallicchio,,19.8418
1908,Jimmy Wallhead,0.0,47.0
1909,Alex Nicholson,0.3333,38.6667
1910,Michael McBride,0.0,19.8418
1911,Cindy Dandois,,19.8418
1912,Rashid Magomedov,0.8,70.0
1913,Augusto Mendes,0.5,26.5
1914,Nathan Coy,0.5,24.0
1915,Mike de la Torre,0.3333,31.5
1916,Alessandro Ricci,0.0,28.0
1917,JC Cottrell,0.0,19.8418
1918,Fredy Serrano,0.6667,20.0
1919,Sean O'Connell,0.3333,63.3333
1920,Jonathan Meunier,0.0,19.8418
1921,Geane Herrera,0.3333,23.5
1922,Milana Dudieva,0.5,19.8418
1923,Heather Jo Clark,0.5,63.0
1924,Jason Novelli,0.0,19.8418
1925,Chris Avila,0.0,42.0
1926,Leonardo Augusto Leleco,0.0,64.0
1927,Joey Gomez,0.0,19.8418
1928,Cristina Stanciu,0.0,39.0
1929,Cody Pfister,0.3333,19.8418
1930,Enrique Marin,0.0,27.0
1931,Fernando Bruno,0.0,20.0
1932,Anton Zafir,0.0,19.8418
1933,Mehdi Baghdad,0.0,19.8418
1934,Dileno Lopes,0.0,46.0
1935,Jerrod Sanders,0.3333,19.8418
1936,Dominic Waters,0.0,19.8418
1937,Willie Gates,0.3333,22.0
1938,Rin Nakai,0.0,19.8418
1939,Martin Svensson,,19.8418
1940,Felipe Olivieri,,19.8418
1941,Tony Sims,0.5,19.8418
1942,Masanori Kanehara,0.5,32.0
1943,Marcin Wrzosek,,19.8418
1944,Konstantin Erokhin,0.0,19.8418
1945,Abner Lloveras,,19.8418
1946,Leo Kuntz,0.0,19.8418
1947,Steve Kennedy,0.0,19.8418
1948,Gasan Umalatov,0.3333,34.0
1949,Jon Delos Reyes,0.3333,19.8418
1950,Ericka Almeida,0.0,19.8418
1951,Roger Zapata,,19.8418
1952,Nazareno Malegarie,,19.8418
1953,Sirwan Kakai,1.0,52.0
1954,Roman Salazar,0.0,19.8418
1955,Hans Stringer,0.5,44.0
1956,Paul Redmond,0.0,19.8418
1957,Levan Makashvili,1.0,27.0
1958,Joe Merritt,,19.8418
1959,Lewis Gonzalez,,19.8418
1960,Antonio Dos Santos,0.0,37.0
1961,Leonardo Morales,0.0,33.0
1962,Lisa Ellis,0.0,19.8418
1963,Rocky Lee,,19.8418
1964,Justin Jones,0.0,28.0
1965,Shayna Baszler,0.0,19.8418
1966,Cain Carrizosa,0.0,19.8418
1967,Roger Narvaez,0.5,25.5
1968,Josh Copeland,0.0,20.0
1969,Alex Torres,,19.8418
1970,Josh Shockley,0.0,19.8418
1971,Rodrigo de Lima,0.0,19.8418
1972,Andy Enz,0.0,69.0
1973,Stanislav Nedkov,0.3333,28.6667
1974,Shane Howell,0.0,19.8418
1975,Mats Nilsson,0.0,25.0
1976,Mike Rhodes,0.0,51.0
1977,Garett Whiteley,0.0,25.5
1978,Matt Hobar,0.5,35.0
1979,Chris Heatherly,0.0,19.8418
1980,Humberto Brown,,19.8418
1981,Rodolfo Rubio,,19.8418
1982,Tim Gorman,0.0,19.8418
1983,Guto Inocente,0.0,19.8418
1984,Takenori Sato,0.0,19.8418
1985,Dashon Johnson,0.0,19.8418
1986,Jianping Yang,,19.8418
1987,Danny Mitchell,0.0,19.8418
1988,Jack May,0.0,19.8418
1989,Mike King,,19.8418
1990,Tina Lahdemaki,,19.8418
1991,Daniel Spohn,,19.8418
1992,Guilherme Vasconcelos,,19.8418
1993,Lance Benoist,0.3333,55.0
1994,Brian Houston,0.0,19.8418
1995,Shunichi Shimizu,,19.8418
1996,Will Chope,,19.8418
1997,Quinn Mulhern,0.0,19.8418
1998,Dave Galera,,19.8418
1999,Roger Bowling,0.0,35.0
2000,Peggy Morgan,,19.8418
2001,Adlan Amagov,1.0,38.0
2002,David Mitchell,0.25,32.0
2003,Martin Kampmann,0.6875,31.8571
2004,Brian Melancon,1.0,24.0
2005,Sheila Gaff,0.0,19.8418
2006,Josh Clopton,0.0,43.0
2007,Roger Gracie,,19.8418
2008,Eddie Mendez,,19.8418
2009,John Cholish,0.5,55.0
2010,Roger Hollett,0.0,26.0
2011,Azamat Gashimov,0.0,19.8418
2012,Gilbert Smith,,19.8418
2013,Collin Hart,,19.8418
2014,Jimmy Quinlan,,19.8418
2015,Pablo Garza,0.6,30.6
2016,Adam Cella,,19.8418
2017,Besam Yousef,0.0,28.0
2018,Issei Tamura,0.5,19.8418
2019,Lavar Johnson,0.6667,65.0
2020,Matt Grice,0.3333,28.3333
2021,Caros Fodor,,19.8418
2022,Brock Jardine,0.0,19.8418
2023,Jorge Santiago,0.2,12.2
2024,Motonobu Tezuka,0.0,22.0
2025,Ulysses Gomez,0.0,19.8418
2026,Jay Hieron,0.0,15.6667
2027,Milton Vieira,0.0,30.0
2028,CJ Keith,0.0,19.8418
2029,Byron Bloodworth,0.0,19.8418
2030,Shane del Rosario,0.0,32.0
2031,John Cofer,0.0,36.0
2032,Manuel Rodriguez,,19.8418
2033,Chad Griggs,0.0,19.8418
2034,Tom DeBlass,0.0,19.8418
2035,Joey Gambino,0.0,19.8418
2036,Carlo Prater,0.5,19.8418
2037,Tommy Hayden,0.0,19.8418
2038,Eiji Mitsuoka,0.0,32.0
2039,Josh Ferguson,0.0,34.0
2040,Yoislandy Izquierdo,0.0,36.0
2041,Wagner Campos,,19.8418
2042,Luis Ramos,0.0,19.8418
2043,Carlos Eduardo Rocha,0.5,19.8418
2044,Bernardo Magalhaes,0.0,28.0
2045,Pat Schilling,0.0,19.8418
2046,Chris Tickle,,19.8418
2047,Chris Saunders,,19.8418
2048,Jorge Lopez,0.0,42.0
2049,Nick Denis,1.0,19.8418
2050,Eddie Yagin,0.0,19.8418
2051,Eric Wisely,0.0,19.8418
2052,Jon Olav Einemo,0.0,34.0
2053,Stephen Bass,,19.8418
2054,Dustin Neace,,19.8418
2055,Nick Pace,0.5,24.5
2056,Shamar Bailey,0.5,34.0
2057,Paul Bradley,0.0,19.8418
2058,Matt Lucas,,19.8418
2059,Edward Faaloloto,0.0,19.8418
2060,Ricardo Romero,0.5,19.8418
2061,Donny Walker,0.0,31.0
2062,TJ O'Brien,0.0,32.0
2063,Jason Reinhardt,0.0,1.5
2064,Javier Vazquez,,19.8418
2065,Curt Warburton,0.5,45.0
2066,Tim Credeur,0.75,30.0
2067,Charlie Valencia,,19.8418
2068,Ryan Jensen,0.2857,14.2857
2069,Kyle Watson,1.0,72.0
2070,Chris Tuchscherer,0.3333,12.0
2071,Antonio Banuelos,,19.8418
2072,Gabe Ruediger,0.0,7.0
2073,Tim Hague,0.25,23.5
2074,Willamy Freire,,19.8418
2075,Amilcar Alves,0.0,19.8418
2076,Greg Soto,0.5,45.5
2077,Antonio McKee,,19.8418
2078,Aaron Wilkinson,,19.8418
2079,Tyler Toner,,19.8418
2080,Maiquel Falcao,,19.8418
2081,Goran Reljic,0.3333,26.5
2082,Alexandre Ferreira,,19.8418
2083,Mark Scanlon,,19.8418
2084,Gilbert Yvel,0.0,18.0
2085,Vinicius Queiroz,,19.8418
2086,Mark Holst,0.0,19.8418
2087,Julio Paulino,0.0,19.8418
2088,James Toney,,19.8418
2089,John Salter,0.5,7.0
2090,Steve Steinbeiss,0.0,7.0
2091,James Hammortree,,19.8418
2092,Jesse Lennox,0.5,29.5
2093,Dan Lauzon,0.0,9.0
2094,Joe Brammer,0.0,3.0
2095,Paul Daley,1.0,17.5
2096,Jonathan Goulet,0.5,9.5
2097,Renzo Gracie,,19.8418
2098,Brad Blackburn,0.75,58.75
2099,Matt Veach,0.5,9.5
2100,Mostapha Al-Turk,0.0,5.5
2101,Ronys Torres,0.0,6.0
2102,Lucio Linhares,0.0,8.0
2103,Rory Markham,0.5,4.0
2104,Paul Buentello,0.6,25.8
2105,Shannon Gugerty,0.5,10.75
2106,Chase Gormley,0.0,8.0
