,fighter_name,win_loss,avg_td
0,Alexandre Pantoja,0.8,2.61
1,Shavkat Rakhmonov,1.0,1.49
2,Ciryl Gane,0.6522,2.37
3,Bryce Mitchell,0.7778,3.45
4,Nate Landwehr,0.625,1.0
5,Dominick Reyes,0.6364,1.32054
6,Vicente Luque,0.7143,1.3333
7,Movsar Evloev,1.0,4.75
8,Randy Brown,0.7222,1.32054
9,Chris Weidman,0.6316,5.0
10,Cody Durden,0.6,4.6
11,Michael Chiesa,0.6316,3.84
12,Clay Guida,0.5128,3.4
13,Kennedy Nzechukwu,0.6429,1.39996
14,Petr Yan,0.6923,2.14
15,Yan Xiaonan,0.7273,1.32054
16,Song Kenan,0.6,1.39996
17,Wang Cong,1.0,3.66
18,Volkan Oezdemir,0.5714,1.32054
19,Zhang Mingyang,1.0,0.0
20,Baergeng Jieleyisi,0.6667,1.65
21,Kiru Sahota,1.0,0.92
22,Shi Ming,1.0,0.37
23,Nyamjargal Tumendemberel,1.0,2.42
24,Lone'er Kavanagh,1.0,0.0
25,Xiao Long,0.5,1.0
26,Maheshate,0.6,0.0
27,Jon Jones,0.913,2.5
28,Charles Oliveira,0.6875,2.77
29,Bo Nickal,1.0,7.46
30,Viviane Araujo,0.5455,2.91
31,Mauricio Ruffy,1.0,0.0
32,Jonathan Martinez,0.7143,1.32054
33,Jim Miller,0.6047,2.5
34,David Onama,0.6667,0.73
35,Marcin Tybura,0.6,1.69
36,Mickey Gall,0.5,1.5
37,Bassil Hafez,0.5,3.0
38,Veronica Hardy,0.5,1.08
39,Neil Magny,0.6667,4.0
40,Gerald Meerschaert,0.5714,2.58
41,Gaston Bolanos,0.5,0.78
42,Luana Pinheiro,0.6667,10.61
43,Mansur Abdul-Malik,1.0,0.0
44,Karolina Kowalkiewicz,0.5294,1.32054
45,Elizeu Zaleski dos Santos,0.7143,1.39996
46,Matthew Semelsberger,0.5,1.97
47,Cody Stamann,0.5385,8.0
48,Tresean Gore,0.3333,3.46
49,Melissa Mullins,0.5,1.53
50,Brandon Moreno,0.6429,3.0
51,Erin Blanchfield,0.8571,3.0
52,Caio Machado,0.3333,0.0
53,Ariane da Silva,0.5,0.56
54,Marc-Andre Barriault,0.4167,1.39996
55,Mike Malott,0.8,3.04
56,Aiemann Zahabi,0.7143,1.39996
57,Charles Jourdain,0.4615,1.32054
58,Jack Shore,0.75,5.52
59,Alexandr Romanov,0.6667,6.41
60,Serhiy Sidey,0.5,0.0
61,Chad Anheliger,0.6,0.82
62,Jamey-Lyn Horth,0.5,1.0
63,Ilia Topuria,1.0,5.0
64,Robert Whittaker,0.7727,1.39996
65,Magomed Ankalaev,0.9091,1.32054
66,Lerone Murphy,1.0,1.78
67,Shara Magomedov,1.0,0.0
68,Ibo Aslan,1.0,0.0
69,Geoff Neal,0.6667,1.39996
70,Mateusz Rebecki,0.8,4.12
71,Abus Magomedov,0.5,3.12
72,Farid Basharat,1.0,3.97
73,Ismail Naurdiev,0.5,1.67
74,Rinat Fakhretdinov,1.0,4.43
75,Anthony Hernandez,0.75,6.64
76,Rob Font,0.5882,1.32054
77,Charles Johnson,0.5556,0.56
78,Jake Hadley,0.5714,0.33
79,Darren Elkins,0.6429,2.86
80,Matheus Nicolau,0.7,3.0
81,Brad Katona,0.5714,2.0
82,Joselyne Edwards,0.5,1.23
83,Jessica Penne,0.5,4.0
84,Melissa Martinez,0.0,1.0
85,Austen Lane,0.25,2.03
86,Brandon Royval,0.6667,1.81
87,Brad Tavares,0.625,3.0
88,Chidi Njokuani,0.5714,0.0
89,Grant Dawson,0.9091,6.0
90,Daniel Rodriguez,0.6667,4.0
91,CJ Vergara,0.5714,0.0
92,Jonathan Pearce,0.6667,7.17
93,Themba Gorimbo,0.8,4.89
94,Junior Tafa,0.25,0.0
95,Julia Polastri,0.3333,1.11
96,Dan Argueta,0.3333,4.45
97,Clayton Carpenter,1.0,2.95
98,Alex Pereira,0.8889,0.17
99,Raquel Pennington,0.7222,1.5
100,Jose Aldo,0.7586,5.0
101,Roman Dolidze,0.7,2.74
102,Ketlen Vieira,0.7273,4.0
103,Stephen Thompson,0.6316,1.32054
104,Marina Rodriguez,0.6667,0.48
105,Austin Hubbard,0.4444,1.75
106,Cesar Almeida,0.6667,0.0
107,Ryan Spann,0.5714,1.72
108,Carla Esparza,0.6667,5.0
109,Court McGee,0.4545,5.0
110,Renato Moicano,0.6875,1.89
111,Nassourdine Imavov,0.75,0.98
112,William Gomis,1.0,1.06
113,Kevin Jousset,1.0,1.51
114,Morgan Charriere,0.5,2.47
115,Fares Ziam,0.7143,1.28
116,Ion Cutelaba,0.4,4.39
117,Oumar Sy,1.0,3.21
118,Ludovit Klein,0.75,3.69
119,Taylor Lapilus,0.7143,2.0
120,Ailin Perez,0.75,5.36
121,Daniel Barez,0.0,4.07
122,Nora Cornolle,1.0,0.39
123,Bolaji Oki,1.0,2.11
124,Sean O'Malley,0.9167,3.0
125,Alexa Grasso,0.7273,1.39996
126,Brian Ortega,0.7273,1.17
127,Daniel Zellhuber,0.8,0.22
128,Ronaldo Rodriguez,0.5,1.2
129,Irene Aldana,0.6154,1.32054
130,Manuel Torres,1.0,3.26
131,Yazmin Jauregui,0.75,0.0
132,Edgar Chairez,0.3333,0.0
133,Raul Rosas Jr.,0.8,4.39
134,Gilbert Burns,0.6818,2.43
135,Jessica Andrade,0.6296,3.21
136,Steve Garcia,0.75,1.51
137,Matt Schnell,0.5,1.32054
138,Trevor Peek,0.6,1.82
139,Rongzhu,0.6667,2.09
140,Isaac Dulgarian,0.5,6.06
141,Felipe dos Santos,0.5,0.0
142,Yizha,0.8333,4.55
143,Jaqueline Amorim,0.6667,1.78
144,Andre Petroski,0.75,4.55
145,Zygimantas Ramaska,,0.0
146,Jared Cannonier,0.5882,1.32054
147,Angela Hill,0.48,1.32054
148,Robert Valentin,,0.0
149,Kaan Ofli,,0.0
150,Edmen Shahbazyan,0.6364,8.0
151,Dennis Buzukja,0.4,0.63
152,Zachary Reese,0.6667,4.08
153,Viacheslav Borshchev,0.5,0.0
154,Jacqueline Cavalcanti,1.0,0.0
155,Dricus Du Plessis,1.0,3.04
156,Kai Kara-France,0.6364,1.32054
157,Mateusz Gamrot,0.7778,5.35
158,Tai Tuivasa,0.5333,1.32054
159,Li Jingliang,0.6471,2.0
160,Josh Culibao,0.5,0.0
161,Casey O'Neill,0.6667,6.91
162,Jack Jenkins,0.75,2.12
163,Tom Nolan,0.6667,0.0
164,Stewart Nicoll,,5.66
165,Damon Jackson,0.5455,2.44
166,Danny Barlow,1.0,0.0
167,Chris Gutierrez,0.7273,1.32054
168,Yana Santos,0.4444,0.97
169,Toshiomi Kazama,0.3333,1.68
170,Karol Rosa,0.6667,1.5
171,Jhonata Diniz,1.0,0.0
172,Youssef Zalal,0.625,6.0
173,Stephanie Luciano,,0.5
174,Cory Sandhagen,0.7692,1.32054
175,Marlon Vera,0.6522,1.32054
176,Tony Ferguson,0.6923,2.64
177,Mackenzie Dern,0.6154,1.32054
178,Joel Alvarez,0.7143,1.32054
179,Azamat Murzakanov,1.0,0.62
180,Mohammad Yahya,0.0,0.76
181,Shamil Gaziev,0.6667,1.03
182,Guram Kutateladze,0.3333,0.77
183,Viktoriia Dudakova,1.0,2.63
184,Jai Herbert,0.3333,0.5
185,Sedriques Dumas,0.6,1.31
186,Leon Edwards,0.875,1.48
187,Tom Aspinall,0.875,3.54
188,King Green,0.5862,1.23
189,Christian Leroy Duncan,0.75,0.31
190,Arnold Allen,0.8333,2.6667
191,Nathaniel Wood,0.7,2.05
192,Molly McCann,0.5833,2.59
193,Muhammad Mokaev,1.0,5.29
194,Oban Elliott,1.0,2.67
195,Modestas Bukauskas,0.4286,0.38
196,Sam Patterson,0.6667,1.94
197,Mick Parkin,1.0,1.49
198,Shauna Bannon,0.0,0.0
199,Amanda Lemos,0.7273,2.59
200,Kurt Holobaugh,0.1429,1.32054
201,Dooho Choi,0.5714,1.32054
202,JeongYeong Lee,1.0,0.93
203,Brian Kelleher,0.5,1.68
204,Miranda Maverick,0.6667,2.43
205,Loik Radzhabov,0.6667,4.65
206,Luana Carolina,0.6667,1.39996
207,Mohammed Usman,0.75,0.69
208,Rose Namajunas,0.6875,3.3333
209,Santiago Ponzinibbio,0.6471,1.39996
210,Drew Dober,0.6087,1.32054
211,Gabriel Bonfim,0.75,2.92
212,Julian Erosa,0.5333,2.0
213,Joshua Van,0.8,1.62
214,Jasmine Jasudavicius,0.75,2.5
215,Montel Jackson,0.8,4.84
216,Luana Santos,1.0,1.62
217,Josh Fremd,0.4,0.66
218,Evan Elder,0.3333,0.63
219,Dan Ige,0.6111,2.73
220,Anthony Smith,0.5556,1.32054
221,Mayra Bueno Silva,0.6667,1.39996
222,Ian Machado Garry,1.0,0.77
223,Joe Pyfer,0.6667,1.45
224,Cub Swanson,0.6129,1.5
225,Payton Talbott,1.0,0.0
226,Michelle Waterson-Gomez,0.5,1.39
227,Andrei Arlovski,0.5435,0.52
228,Rei Tsuruya,1.0,5.45
229,Ricky Simon,0.6923,7.07
230,Sergei Pavlovich,0.75,1.32054
231,Kelvin Gastelum,0.5714,3.0
232,Johnny Walker,0.6154,1.32054
233,Nasrat Haqparast,0.6667,1.32054
234,Muhammad Naimov,0.75,1.8
235,Kyung Ho Kang,0.6667,5.0
236,Magomed Gadzhiyasulov,1.0,5.5
237,Alex Perez,0.6667,3.5
238,Douglas Silva de Andrade,0.5833,1.39996
239,Timmy Cuamba,0.5,1.0
240,Brady Hiestand,0.6667,6.0
241,Asu Almabayev,1.0,6.68
242,Josh Quinlan,0.3333,0.34
243,Jimmy Flick,0.6,1.81
244,Carli Judice,0.0,1.0
245,Jeka Saragih,0.75,2.21
246,Melquizael Costa,0.3333,2.5
247,Josefine Knutsson,1.0,2.0
248,Brunno Ferreira,0.8,0.89
249,Julian Marquez,0.5714,1.39996
250,Miguel Baeza,0.5714,0.67
251,Thiago Moises,0.6154,1.47
252,Charles Radtke,0.6667,0.61
253,Andrea Lee,0.4167,3.0
254,John Castaneda,0.7143,2.0
255,Eduarda Moura,0.6667,5.15
256,Rayanne dos Santos,0.0,0.33
257,Islam Makhachev,0.9333,3.46
258,Sean Strickland,0.7143,1.75
259,Kevin Holland,0.6364,2.5
260,Niko Price,0.5333,1.32054
261,Jailton Almeida,0.875,6.85
262,Phil Rowe,0.6667,0.87
263,Mitch Raposo,0.0,1.94
264,Edson Barboza,0.6207,2.0
265,Khaos Williams,0.7143,0.0
266,Adrian Yanez,0.75,0.0
267,Victor Martinez,0.5,0.7
268,Tamires Vidal,0.3333,0.0
269,Piera Rodriguez,0.75,3.11
270,Alatengheili,0.6667,1.99
271,Vanessa Demopoulos,0.625,0.58
272,Derrick Lewis,0.6429,1.39996
273,Joaquin Buckley,0.6923,1.96
274,Alonzo Menifield,0.7143,1.39996
275,Diego Ferreira,0.6429,1.32054
276,Alex Caceres,0.5714,1.39996
277,Waldo Cortes-Acosta,0.8333,0.55
278,Chase Hooper,0.7,1.45
279,Terrance McKinney,0.5556,4.33
280,Tabatha Ricci,0.75,2.99
281,Billy Ray Goff,1.0,2.01
282,JJ Aldrich,0.6429,1.32054
283,Michel Pereira,0.8182,2.01
284,Paul Craig,0.5294,2.06
285,Elves Brener,0.75,1.23
286,Joaquim Silva,0.6,1.39996
287,Dione Barbosa,1.0,1.73
288,Ismael Bonfim,0.6667,1.07
289,Alessandro Costa,0.5,0.27
290,Tim Means,0.5357,1.39996
291,Rani Yahya,0.68,3.0
292,Don'Tale Mayes,0.5455,0.65
293,Marnic Mann,0.0,1.9
294,James Llontop,0.3333,0.0
295,Ivana Petrovic,0.5,2.83
296,Gabriel Benitez,0.5,1.39996
297,Zhang Weili,0.8,2.51
298,Justin Gaethje,0.6667,1.32054
299,Jiri Prochazka,0.8,0.98
300,Calvin Kattar,0.5833,2.0
301,Holly Holm,0.5714,1.32054
302,Sodiq Yusuff,0.7778,1.32054
303,Jalin Turner,0.6667,1.32054
304,Deiveson Figueiredo,0.8125,1.81
305,Brendan Allen,0.8667,3.74
306,Alexander Hernandez,0.4615,2.15
307,Ignacio Bahamondes,0.7143,0.0
308,Valter Walker,0.0,4.52
309,Norma Dumont,0.7778,4.27
310,Pedro Falcao,1.0,2.07
311,Dylan Budka,0.5,3.38
312,Nursulton Ruziboev,1.0,0.77
313,Bill Algeo,0.5,1.03
314,Virna Jandiroba,0.6667,4.23
315,Julio Arce,0.6,1.32054
316,Angel Pacheco,0.0,0.0
317,Amanda Ribas,0.7,2.71
318,Karl Williams,1.0,4.2
319,Billy Quarantillo,0.7,1.66
320,Fernando Padilla,0.5,0.0
321,Ricardo Ramos,0.5833,3.08
322,Miles Johns,0.75,2.0
323,Jarno Errens,0.3333,0.0
324,Montserrat Rendon,1.0,3.0
325,Igor Severino,1.0,9.69
326,Ovince Saint Preux,0.6176,1.34
327,Christian Rodriguez,0.8333,1.07
328,Pannie Kianzad,0.5,1.88
329,Natan Levy,0.75,5.03
330,Josiane Nunes,0.75,0.0
331,Jafel Filho,0.6667,1.77
332,Charalampos Grigoriou,0.5,2.62
333,Dustin Poirier,0.7419,2.5
334,Curtis Blaydes,0.7647,7.05
335,Katlyn Cerminara,0.6875,0.31
336,Pedro Munhoz,0.5263,1.32054
337,Robelis Despaigne,0.5,0.0
338,Joanne Wood,0.5,1.52
339,Jairzinho Rozenstruik,0.6154,1.32054
340,Vitor Petrino,1.0,3.98
341,Umar Nurmagomedov,1.0,3.98
342,Eryk Anders,0.5,2.4
343,Vinicius Oliveira,1.0,1.38
344,Abdul-Kareem Al-Selwady,1.0,2.32
345,Yair Rodriguez,0.7692,2.0
346,Cristian Quinonez,0.6667,1.37
347,Jesus Aguilar,0.75,1.75
348,Claudio Puelles,0.7143,3.35
349,Victor Altamirano,0.5,3.43
350,Erik Silva,0.5,3.76
351,Alexander Volkanovski,0.8667,4.0
352,Merab Dvalishvili,0.8333,11.0
353,Marcos Rogerio de Lima,0.5556,1.4
354,Rinya Nakamura,1.0,3.72
355,Jack Hermansson,0.625,2.23
356,Robert Bryczek,,0.0
357,Michael Johnson,0.4643,1.32054
358,Rodolfo Vieira,0.6667,6.05
359,Trevin Giles,0.5385,5.0
360,Loma Lookboonmee,0.7143,1.9
361,Devin Clark,0.5,3.03
362,Max Griffin,0.5,1.9
363,Zac Pauga,0.3333,0.38
364,Fernie Garcia,0.25,0.28
365,Gilbert Urbina,0.5,4.14
366,Azat Maksum,1.0,2.0
367,Landon Quinones,0.0,0.5
368,Thomas Petersen,0.5,2.49
369,Chris Curtis,0.75,0.0
370,Gillian Robertson,0.6471,3.44
371,Yohan Lainesse,0.5,0.94
372,Malcolm Gordon,0.3333,1.72
373,Phil Hawes,0.5556,2.7
374,Marcus McGhee,1.0,0.84
375,Westin Wilson,0.0,1.68
376,Nikolas Motta,0.6,0.0
377,Josh Emmett,0.6923,4.0
378,Cody Garbrandt,0.6429,2.0
379,Tagir Ulanbekov,0.75,3.71
380,Andre Fili,0.5238,3.0
381,Martin Buday,0.8333,0.21
382,Song Yadong,0.8333,1.39996
383,Tim Elliott,0.4211,4.375
384,JunYong Park,0.7,3.04
385,HyunSung Park,1.0,1.54
386,Tatsuro Taira,1.0,2.73
387,Beneil Dariush,0.7619,2.11
388,Sean Brady,0.8571,3.49
389,Punahele Soriano,0.5,3.28
390,Miesha Tate,0.6,3.0
391,Drakkar Klose,0.8,2.0
392,Rodolfo Bellato,0.5,1.09
393,Wellington Turman,0.375,3.0
394,Michael Morales,1.0,1.66
395,Uros Medic,0.6667,0.38
396,Lucie Pudilova,0.3,1.32054
397,Matt Frevola,0.6,3.3
398,Diego Lopes,0.6667,0.5
399,Steve Erceg,0.75,1.16
400,Jared Gordon,0.6154,4.0
401,Rodrigo Nascimento,0.7143,2.9
402,Caio Borralho,1.0,1.56
403,Kaue Fernandes,0.0,0.76
404,Kamaru Usman,0.8824,6.0
405,Ikram Aliskerov,1.0,1.82
406,Said Nurmagomedov,0.75,1.32054
407,Abu Azaitar,0.5,1.32054
408,Mike Breeden,0.0,0.98
409,Jennifer Maia,0.5455,1.32054
410,Tainara Lisboa,1.0,2.05
411,Irina Alekseeva,1.0,0.87
412,Ashley Yoder,0.3,2.0
413,Alex Morono,0.65,1.32054
414,Nate Maness,0.6667,1.52
415,Aoriqileng,0.5,1.45
416,Montana De La Rosa,0.5,2.69
417,Rafael Fiziev,0.6,1.32054
418,Bryan Battle,0.8571,2.07
419,Jacob Malkoun,0.5,7.84
420,Mizuki,0.5,0.33
421,Loopy Godinez,0.6364,3.39
422,Roman Kopylov,0.5714,1.2
423,Tracy Cortez,1.0,3.0
424,Alex Reyes,0.0,1.5
425,Israel Adesanya,0.8125,1.32054
426,Manel Kape,0.6667,1.0
427,Justin Tafa,0.5714,0.0
428,Tyson Pedro,0.6,2.0
429,Carlos Ulberg,0.875,0.95
430,Jamie Mullarkey,0.5,3.9
431,Blood Diamond,0.0,0.0
432,Shane Young,0.3333,1.32054
433,Manon Fiorot,1.0,1.75
434,Benoit Saint Denis,0.7143,4.76
435,Ange Loosa,0.5,2.41
436,Zarah Fairn,0.0,0.0
437,Max Holloway,0.7586,1.32054
438,Giga Chikadze,0.8,0.51
439,Liang Na,0.0,3.6
440,SeungWoo Choi,0.4444,1.32054
441,Aljamain Sterling,0.8,3.5
442,Da'Mon Blackshear,0.4,2.33
443,Gregory Rodrigues,0.6667,2.74
444,Karine Silva,1.0,3.59
445,Khalil Rountree Jr.,0.6429,1.32054
446,Polyana Viana,0.4444,1.32054
447,AJ Dobson,0.5,1.67
448,JP Buys,0.2,2.22
449,Francis Marshall,0.5,2.68
450,Josh Parisian,0.5,0.98
451,Juliana Miller,0.5,1.84
452,Dustin Jacoby,0.6154,1.39996
453,Tanner Boser,0.4444,0.0
454,Kyler Phillips,0.875,3.2
455,Jeremiah Wells,0.8,3.08
456,Sean Woodson,0.8571,0.66
457,Ode Osbourne,0.5,1.27
458,Jan Blachowicz,0.6667,1.375
459,Jake Matthews,0.6316,4.0
460,Davey Grant,0.5455,2.64
461,Danny Roberts,0.5385,1.39996
462,Marc Diakiese,0.5,3.5
463,Makhmud Muradov,0.6,3.03
464,Chris Duncan,0.6,3.85
465,Jack Della Maddalena,1.0,0.36
466,Ottman Azaitar,0.6667,0.0
467,Albert Duraev,0.75,1.97
468,Nazim Sadykhov,1.0,1.71
469,Tucker Lutz,0.6,2.33
470,Austin Lingo,0.5,1.0
471,Tyson Nam,0.4286,0.0
472,Alexander Munoz,0.3333,3.0
473,Ashlee Evans-Smith,0.375,1.3333
474,Robbie Lawler,0.5714,1.8571
475,Jimmy Crute,0.625,4.97
476,Cameron Saaiman,0.8,0.91
477,Shannon Ross,0.0,0.0
478,Kamuela Kirk,0.3333,1.5
479,Damir Ismagulov,0.8333,5.0
480,Kevin Lee,0.6111,3.25
481,Joanderson Brito,0.8571,3.11
482,Zhalgas Zhumagulov,0.1667,2.0
483,Jamall Emmers,0.4286,2.76
484,Cody Brundage,0.4444,2.31
485,Marvin Vettori,0.6923,2.24
486,Arman Tsarukyan,0.8,3.38
487,Armen Petrosyan,0.6667,0.22
488,Pat Sabatini,0.7143,3.97
489,Nicolas Dalby,0.7,4.0
490,Carlos Hernandez,0.5,1.6
491,Tereza Bleda,0.5,1.81
492,Amanda Nunes,0.8421,2.73
493,Kyle Nelson,0.5,1.41
494,David Dvorak,0.6,0.58
495,Diana Belbita,0.3333,1.0
496,Abubakar Nurmagomedov,0.6667,5.29
497,Daniel Santos,0.5,1.9
498,Elise Reed,0.4286,0.58
499,Philipe Lins,0.6,1.65
500,Emily Ducote,0.5,0.2
501,Andre Fialho,0.3333,0.25
502,Orion Cosce,0.6667,1.92
503,Ilir Latifi,0.6,2.11
504,Natalia Silva,1.0,0.5
505,Takashi Sato,0.3333,1.32054
506,Matt Brown,0.5517,1.68
507,Ji Yeon Kim,0.3333,1.39996
508,Jessica-Rose Clark,0.5,2.0
509,Belal Muhammad,0.8235,2.5
510,Kron Gracie,0.3333,1.32054
511,Braxton Smith,,0.0
512,Joseph Holmes,0.5,1.49
513,Stephanie Egger,0.5,2.48
514,Journey Newson,0.25,0.56
515,Hailey Cowan,1.0,1.5
516,Iasmin Lucindo,0.75,2.4
517,Ricky Glenn,0.4444,0.72
518,Zak Cummings,0.6429,2.5
519,Lando Vannata,0.4,1.35
520,Bruna Brasil,0.5,1.93
521,Aaron Phillips,0.0,1.32054
522,Cynthia Calvillo,0.5455,1.97
523,Shayilan Nuerdanbieke,0.6,3.3
524,Daniel Pineda,0.4167,1.61
525,Steven Peterson,0.375,2.02
526,Gunnar Nelson,0.6429,1.9
527,Alexander Volkov,0.75,1.32054
528,Nikita Krylov,0.5882,2.29
529,Mario Bautista,0.8,2.25
530,Raphael Assuncao,0.6522,1.65
531,Victor Henry,0.75,0.84
532,Carlston Harris,0.8,1.97
533,Valentina Shevchenko,0.8,4.0
534,Derek Brunson,0.7083,4.0
535,Mana Martinez,0.5,1.73
536,Esteban Ribovics,0.75,0.93
537,Andre Muniz,0.7778,4.23
538,Augusto Sakai,0.5556,1.39996
539,Tatiana Suarez,1.0,6.2
540,Erick Gonzalez,0.0,6.0
541,Jordan Leavitt,0.7143,3.53
542,Joe Solecki,0.75,3.99
543,Rafael Alves,0.5,0.29
544,Jordan Wright,0.3333,2.09
545,William Knight,0.625,3.54
546,Lina Lansberg,0.4,1.32054
547,AJ Fletcher,0.5,1.54
548,Zubaira Tukhugov,0.7143,3.03
549,Da Woon Jung,0.5714,1.9
550,Yusaku Kinoshita,0.5,0.0
551,SeungGuk Choi,1.0,1.02
552,Glover Teixeira,0.7308,2.6667
553,Lauren Murphy,0.6154,1.32054
554,Mauricio Rua,0.675,2.17
555,Shamil Abdurakhimov,0.5,1.39996
556,Luan Lacerda,0.0,1.26
557,Warlley Alves,0.5333,2.0
558,Saimon Oliveira,0.5,1.21
559,Javid Basharat,1.0,1.7
560,Claudio Ribeiro,0.5,0.56
561,Allan Nascimento,0.3333,1.55
562,Amir Albazi,1.0,3.19
563,Cheyanne Vlismas,0.75,0.25
564,Rafa Garcia,0.5714,3.61
565,Sergey Morozov,0.5,3.81
566,Paddy Pimblett,1.0,0.91
567,Darren Till,0.6,1.32054
568,TJ Brown,0.5,8.33
569,Bryan Barberena,0.5,1.32054
570,Marcelo Rojo,0.0,1.03
571,Chase Sherman,0.2857,1.39996
572,Vince Morales,0.3333,1.32054
573,Ricky Turcios,0.5,1.0
574,Frankie Edgar,0.6429,4.0
575,Dan Hooker,0.619,1.39996
576,Brad Riddell,0.6667,2.0
577,Michael Trizano,0.5,1.39996
578,Darrick Minner,0.3333,3.11
579,Liudvik Sholinian,0.0,0.0
580,Carlos Candelario,0.3333,2.28
581,Katlyn Chookagian,0.7333,1.32054
582,Misha Cirkunov,0.5,4.48
583,Nick Maximov,0.75,4.16
584,Mike Jackson,0.5,1.32054
585,Raoni Barcelos,0.6,3.0
586,Mike Davis,0.6,2.77
587,Krzysztof Jotko,0.6875,1.33
588,Julija Stoliarenko,0.2857,1.39996
589,Guido Cannetti,0.4444,2.8
590,Denise Gomes,0.6667,0.88
591,Trey Ogden,0.5,2.04
592,Mariya Agapova,0.3333,0.59
593,Tony Gravely,0.625,6.11
594,Nate Diaz,0.6129,1.3333
595,Khamzat Chimaev,1.0,4.84
596,Hakeem Dawodu,0.6667,1.32054
597,Denis Tiuliulin,0.2,0.96
598,Jake Collier,0.3846,2.0
599,Darian Weeks,0.0,2.0
600,Alessio Di Chirico,0.4,2.0
601,John Makdessi,0.5789,1.32054
602,Khalid Taha,0.25,1.39996
603,Paulo Costa,0.6667,1.32054
604,Wu Yanan,0.2,1.39996
605,Leonardo Santos,0.7778,1.32054
606,Daniel Lacerda,0.0,2.32
607,Priscila Cachoeira,0.4444,1.32054
608,Bruno Silva,0.4444,2.89
609,Jason Witt,0.4,6.9
610,Thiago Santos,0.6087,1.32054
611,Brogan Walker,0.0,0.0
612,Sam Alvey,0.4545,1.32054
613,Cory McKenna,0.6667,2.22
614,Julianna Pena,0.7,2.73
615,Nicolae Negumereanu,0.8,1.39996
616,Mason Jones,0.5,3.16
617,Makwan Amirkhani,0.5385,3.96
618,Mandy Bohm,0.0,0.72
619,Claudio Silva,0.7143,3.32
620,Shane Burgos,0.7,1.32054
621,Dwight Grant,0.5,1.32054
622,Rafael Dos Anjos,0.6,2.75
623,Jared Vanderaa,0.2857,1.15
624,Antonina Shevchenko,0.5,2.0
625,Ronnie Lawrence,1.0,10.86
626,Ian Garry,1.0,0.77
627,Uriah Hall,0.5556,2.0
628,Jessica Eye,0.3571,0.58
629,Raulian Paiva,0.5714,1.32054
630,Maria Oliveira,0.25,0.95
631,Eddie Wineland,0.5,1.32054
632,Ramona Pascual,0.0,1.81
633,Felice Herrig,0.5556,1.39996
634,Niklas Stolze,0.0,0.93
635,Johnny Munoz,0.4,2.66
636,Jeff Molina,1.0,0.0
637,Omar Morales,0.5714,0.71
638,Frank Camacho,0.2857,2.0
639,Michael Chandler,0.5714,2.57
640,Francisco Trinaldo,0.72,1.32054
641,Macy Chiasson,0.7,2.37
642,Blagoy Ivanov,0.4286,1.32054
643,Kleydson Rodrigues,0.5,0.6
644,Ariane Carnelossi,0.5,1.37
645,Gabe Green,0.5,0.83
646,Gina Mazany,0.2857,4.7
647,Maycee Barber,0.8182,1.44
648,Preston Parsons,0.5,3.53
649,Marcin Prachnio,0.4444,1.32054
650,Dean Barry,,0.0
651,Mounir Lazzez,0.6667,4.0
652,Chris Barnett,0.5,0.0
653,Istela Nunes,0.0,0.0
654,Vinc Pichel,0.7,5.3333
655,Aspen Ladd,0.6667,2.45
656,Aleksei Oleinik,0.5625,3.01
657,Askar Askarov,1.0,4.0
658,Sara McMann,0.625,4.67
659,Aliaskhab Khizriev,1.0,5.64
660,Luis Saldana,0.6667,0.64
661,Mike Grundy,0.3333,4.06
662,Marlon Moraes,0.6154,1.32054
663,Trevin Jones,0.25,1.17
664,Sabina Mazo,0.5,2.0
665,Dalcha Lungiambula,0.3333,2.83
666,Kris Moutinho,0.0,0.0
667,Tafon Nchukwi,0.5,1.15
668,Colby Covington,0.8,5.69
669,Serghei Spivac,0.6364,9.93
670,Maryna Moroz,0.5455,1.32054
671,Devonte Smith,0.6667,1.39996
672,Alejandro Perez,0.7273,1.39996
673,Ramiz Brahimaj,0.4,2.05
674,Kyle Daukaus,0.5,2.5
675,Parker Porter,0.5714,1.91
676,Chas Skelly,0.6364,1.74
677,Bobby Green,0.5833,1.53
678,Roxanne Modafferi,0.3077,1.55
679,Alexis Davis,0.5625,1.39996
680,Francis Ngannou,0.8462,1.39996
681,Silvana Gomez Juarez,0.3333,0.0
682,Kay Hansen,0.3333,2.41
683,Dakota Bush,0.0,2.4
684,Jamie Pickett,0.2727,1.48
685,Dustin Stoltzfus,0.375,3.45
686,Sijara Eubanks,0.5556,2.5
687,Ryan Hall,0.8,1.32054
688,Randy Costa,0.4,1.32054
689,Maki Pitolo,0.3333,2.27
690,Louis Smolka,0.5,2.0
691,Ben Rothwell,0.6667,2.5
692,Felicia Spencer,0.4,1.36
693,Cortney Casey,0.4286,1.32054
694,Al Iaquinta,0.6429,2.0
695,Gian Villante,0.4545,1.39996
696,Melsik Baghdasaryan,0.75,0.0
697,Shamil Gamzatov,1.0,0.0
698,Hu Yaozong,0.0,1.32054
699,Khama Worthy,0.5,0.0
700,Livinha Souza,0.6,3.35
701,Andrew Sanchez,0.5556,6.0
702,Batgerel Danaa,0.5,0.52
703,Charles Rosa,0.4167,4.0
704,Alex Oliveira,0.55,2.86
705,Bethe Correia,0.5,1.32054
706,Nick Diaz,0.7308,1.3
707,Ariane Lipski,0.6,1.32054
708,Mike Rodriguez,0.4286,1.32054
709,Rong Zhu,0.0,4.56
710,Impa Kasanganay,0.8,2.5
711,Emily Whitmire,0.4,1.9
712,Bea Malecki,1.0,1.39996
713,Roosevelt Roberts,0.5556,1.84
714,Sasha Palatnikov,0.5,0.82
715,Tecia Torres,0.6429,1.5
716,Victoria Leonardo,0.4,4.65
717,Cheyanne Buys,0.5,0.48
718,Collin Anglin,0.5,2.75
719,Chris Gruetzemacher,0.5714,1.39996
720,Jinh Yu Frey,0.2857,1.06
721,Ryan Benoit,0.375,1.32054
722,Marion Reneau,0.4545,1.32054
723,Jeremy Stephens,0.4688,1.5
724,Francisco Figueiredo,0.6667,3.0
725,Alan Baudot,0.0,0.0
726,Carlos Condit,0.5833,2.0
727,Omari Akhmedov,0.6923,2.58
728,Julia Avila,0.75,0.54
729,Yancy Medeiros,0.5333,1.32054
730,Chan Sung Jung,0.5385,1.6667
731,Aleksa Camur,0.5,0.72
732,Kanako Murata,0.5,3.38
733,Demian Maia,0.6875,2.49
734,Carlos Felipe,0.75,0.0
735,Walt Harris,0.4286,1.32054
736,Dusko Todorovic,0.5,0.96
737,Jacare Souza,0.7037,2.57
738,Kevin Aguilar,0.5,1.32054
739,Christos Giagos,0.4615,3.38
740,Donald Cerrone,0.6444,3.0
741,Maurice Greene,0.5714,1.39996
742,Christian Aguilera,0.5,0.0
743,Randa Markos,0.375,1.5
744,Kai Kamaka,0.5,5.0
745,Poliana Botelho,0.5,1.32054
746,Andreas Michailidis,0.3333,1.12
747,Luke Sanders,0.5,1.32054
748,Karl Roberson,0.5,1.32054
749,Danaa Batgerel,0.5,0.0
750,Kazula Vargas,0.3333,0.44
751,Aori Qileng,,3.0
752,Na Liang,,6.96
753,Abdul Razak Alhassan,0.5455,1.32054
754,Luis Pena,0.5714,1.39996
755,Bartosz Fabinski,0.6,10.0
756,Nina Nunes,0.5,0.28
757,Mike Perry,0.5,1.32054
758,Scott Holtzman,0.5833,3.0
759,Yorgan De Castro,0.5,0.0
760,Hunter Azure,0.75,2.0
761,Da-Un Jung,1.0,2.79
762,Stipe Miocic,0.7778,4.0
763,Tyron Woodley,0.7391,1.39996
764,Jared Gooden,0.3333,0.96
765,Gloria de Paula,0.5,0.74
766,Dominick Cruz,0.8235,7.0
767,Joseph Benavidez,0.75,5.0
768,Rogerio Bontorin,0.6,2.9
769,Vince Cachero,0.0,0.0
770,Shana Dobson,0.3333,1.32054
771,Andre Ewell,0.5,1.32054
772,Alistair Overeem,0.6875,1.44
773,Nik Lentz,0.6364,4.75
774,Ike Villanueva,0.2,0.6
775,Su Mudaerji,0.6667,1.39996
776,David Zawada,0.25,2.0
777,Sarah Moras,0.375,1.39996
778,Jacob Kilburn,0.0,0.0
779,Anthony Pettis,0.6154,3.0
780,Deron Winn,0.5,4.98
781,Junior Dos Santos,0.7143,1.08
782,Gavin Tucker,0.6667,3.13
783,Matt Wiman,0.5882,2.34
784,Spike Carlyle,0.5,2.74
785,Martin Day,0.0,1.32054
786,Alan Jouban,0.5833,1.32054
787,Louis Cosce,0.5,1.04
788,Paul Felder,0.6429,1.32054
789,Geraldo de Freitas,0.5,4.0
790,Claudia Gadelha,0.6364,6.0
791,Gustavo Lopez,0.5,1.07
792,Cole Williams,0.0,0.0
793,Khabib Nurmagomedov,1.0,6.0
794,Stefan Struve,0.5652,0.61
795,Liana Jojua,0.3333,2.41
796,Thomas Almeida,0.5556,1.39996
797,Gadzhimurad Antigulov,0.4,8.7
798,Markus Perez,0.3333,2.0
799,Tom Breese,0.7143,1.32054
800,Chris Daukaus,0.5714,0.0
801,Ali AlQaisi,0.0,2.0
802,Germaine de Randamie,0.75,1.32054
803,Dequan Townsend,0.0,0.0
804,Jordan Williams,0.25,1.45
805,Casey Kenney,0.6667,1.75
806,Luigi Vendramini,0.3333,1.32054
807,Diego Sanchez,0.6471,1.62
808,Juan Espino,1.0,8.93
809,Khadis Ibragimov,0.0,1.67
810,Jordan Espinosa,0.5714,1.32054
811,Mirsad Bektic,0.6667,3.38
812,Michelle Waterson,0.6667,3.0
813,Ed Herman,0.52,2.5556
814,Brok Weaver,0.5,0.0
815,Cole Smith,0.5,1.5
816,Ricardo Lamas,0.6364,1.63
817,Mallory Martin,0.5,5.0
818,Carlton Minus,0.0,0.0
819,Timur Valiev,1.0,2.73
820,John Dodson,0.625,1.32054
821,Herbert Burns,0.5,4.59
822,Yana Kunitskaya,0.6667,3.14
823,Irwin Rivera,0.5,1.0
824,Joanne Calderwood,0.5833,2.0
825,Frankie Saenz,0.5556,5.0
826,Fabricio Werdum,0.7097,1.71
827,Ramazan Emeev,0.7143,2.37
828,Joe Duffy,0.5714,1.32054
829,Brett Johns,0.6667,11.0
830,Davi Ramos,0.6667,2.5
831,Jimmie Rivera,0.7,1.32054
832,John Phillips,0.2,1.39996
833,Mara Romero Borella,0.3333,1.68
834,Jordan Griffin,0.4,1.45
835,Anthony Ivy,0.0,0.0
836,Ian Heinisch,0.5714,1.32054
837,Charles Byrd,0.3333,2.52
838,Jussier Formiga,0.6,2.0
839,Evan Dunham,0.5789,1.83
840,Jamahal Hill,0.875,0.0
841,Henry Cejudo,0.7692,3.0
842,Greg Hardy,0.6,1.39996
843,Elizeu Dos Santos,0.7778,0.45
844,Veronica Macedo,0.25,1.32054
845,Weili Zhang,1.0,1.75
846,Mark Madsen,0.8,12.5
847,Megan Anderson,0.6,1.32054
848,Gabriel Silva,0.0,1.0
849,Aalon Cruz,0.5,0.0
850,Jim Crute,0.6667,0.58
851,Ben Sosoli,,0.0
852,Callan Potter,0.5,2.83
853,Kai Kara France,0.75,1.0
854,Corey Anderson,0.7143,4.98
855,Mark De La Rosa,0.3333,1.32054
856,Juan Adams,0.3333,2.0
857,Domingo Pilarte,0.5,2.06
858,Hannah Cifers,0.3333,1.32054
859,Bevon Lewis,0.6,1.32054
860,Justine Kish,0.5,3.0
861,Conor McGregor,0.7692,2.0
862,Da Un Jung,1.0,0.0
863, Jun Yong Park,0.0,0.5
864,Dong Hyun Ma,0.4286,2.0
865,Miranda Granger,0.3333,0.0
866,Heili Alateng,1.0,3.5
867,Peter Yan,1.0,1.54
868,Thiago Alves,0.5769,0.71
869,Antonio Arroyo,0.5,1.95
870,Sergio Moraes,0.6667,2.0
871,Vanessa Melo,0.0,0.0
872,Zabit Magomedsharipov,1.0,6.0
873,Alekander Volkov,0.8,0.75
874,Zelim Imadaev,0.0,1.32054
875,Rustam Khabilov,0.75,5.0
876,Alexander Yakovlev,0.375,1.56
877,Grigorii Popov,0.0,1.32054
878,Jorge Masvidal,0.6296,6.0
879,Lyman Good,0.6,1.32054
880,Muslim Salikhov,0.6364,1.39996
881,Alex White,0.4444,1.32054
882,Enrique Barzola,0.75,6.1667
883,Raphael Pessoa Nunes,0.0,0.0
884,Joe Lauzon,0.5385,2.39
885,Kyle Bochniak,0.3333,1.32054
886,Daniel Spitz,0.3333,1.32054
887,Joanna Jedrzejczyk,0.7143,1.32054
888,Luke Jumeau,0.6667,1.39996
889,Nadia Kassem,0.5,1.32054
890,Michal Oleksiejczuk,0.5385,2.0
891,Alen Amedovski,0.0,1.32054
892,Siyar Bahadurzada,0.5714,1.32054
893,Brandon Davis,0.3333,1.32054
894,Martin Bravo,0.3333,2.6
895,Jose Quinonez,0.625,3.0
896,Marco Polo Reyes,0.5714,0.0
897,Sergio Pettis,0.6154,2.0
898,Vinicius Moreira,0.25,2.61
899,Caludio Puelles,0.5,3.06
900,Kyle Prepolec,0.0,1.32054
901,Mairbek Taisumov,0.875,5.0
902,Nordine Taleb,0.6364,4.0
903,Don Madge,1.0,2.22
904,Daniel Cormier,0.9048,1.95
905,Yoel Romero,0.6923,2.0
906,Manny Bermudez,0.75,3.06
907,Vincente Luque,0.8182,0.82
908,Luiz Garagorri,,0.79
909,Darko Stosic,0.3333,3.42
910,Cris Cyborg,0.9167,1.39996
911,Olivier Aubin-Mercier,0.6364,3.25
912,Erik Koch,0.5385,1.39996
913,James Vick,0.6923,1.32054
914,Ray Borg,0.6364,5.0
915,Urijah Faber,0.6786,2.0
916,Liu Pingyuan,0.6667,1.32054
917,Benito Lopez,0.75,1.32054
918,Gilbert Melendez,0.7083,1.64
919,Caludia Gadelha,0.5556,3.34
920,Allen Crowder,0.5,1.85
921,Alexander Gustafsson,0.5882,1.56
922,Jimi Manuwa,0.5455,1.5
923,Damir Hadzovic,0.5,1.32054
924,Daniel Teymur,0.25,1.32054
925,Rostem Akman,0.0,1.39996
926,Tonya Evinger,0.0,1.32054
927,Stevie Ray,0.6,1.32054
928,Nick Hein,0.5714,2.0
929,Antonio Carlos Junior,0.6364,5.0
930,Desmond Green,0.5,1.6667
931,Patrick Cummins,0.5,4.3333
932,Rogerio Nogueira,0.7037,0.67
933,BJ Penn,0.4615,1.3125
934,Talita Bernardo,0.3333,3.0
935,Arjan Bhullar,0.6667,1.5
936,Mitch Gagnon,0.5714,1.32054
937,John Lineker,0.8,1.32054
938,Ben Saunders,0.5,0.21
939,Sultan Aliev,0.3333,1.32054
940,Magomed Mustafaev,0.75,1.32054
941,Wilson Reis,0.5833,5.3333
942,Boston Salmon,0.0,1.39996
943,Curtis Millender,0.75,1.32054
944,Lauren Mueller,0.3333,2.0
945,David Branch,0.5,2.3333
946,Ross Pearson,0.48,1.0
947,Ryan MacDonald,0.0,1.39996
948,Eric Shelton,0.4,4.0
949,Jack Marshman,0.4286,1.32054
950,Danny Henry,0.6667,1.39996
951,Tim Boetsch,0.5217,1.875
952,Anthony Rocco Martin,0.6429,1.39996
953,Liz Carmouche,0.5385,2.75
954,Michel Prazeres,0.7692,5.0
955,Renan Barao,0.5625,6.0
956,Alexandra Albu,0.6667,2.5
957,Teruto Ishihara,0.375,0.4286
958,Wuliji Buren,0.0,4.0
959,Junior Albini,0.25,1.54
960,Magomed Bibulatov,0.5,2.0
961,Gregor Gillespie,0.8571,7.02
962,Paige VanZant,0.625,3.0
963,Dennis Bermudez,0.5625,4.5
964,Kyle Stewart,0.0,1.39996
965,Chad Mendes,0.6923,4.5
966,Cat Zingano,0.5,2.1667
967,Zak Ottow,0.5714,1.32054
968,Trevor Smith,0.4545,1.86
969,Adam Milstead,0.3333,1.32054
970,Chris de la Rocha,0.3333,1.32054
971,Elias Theodorou,0.8,3.0
972,Chad Laprise,0.6667,2.0
973,Mark Hunt,0.4706,1.39996
974,Suman Mokhtarian,0.0,1.39996
975,Yushin Okami,0.7,1.8889
976,Keita Nakamura,0.4,2.0
977,Elias Garcia,0.0,1.32054
978,Mizuto Hirota,0.1667,2.25
979,Alex Gorgees,,1.39996
980,Darren Stewart,0.4545,1.75
981,Rick Glenn,0.6,1.3333
982,Cezar Ferreira,0.6429,2.69
983,Humberto Bandenay,0.3333,2.9
984,Laureano Staropoli,0.4,1.39996
985,Devin Powell,0.3333,1.39996
986,Nad Narimani,0.6667,6.0
987,Joseph Morales,0.5,1.39996
988,Jason Knight,0.5,1.8
989,Adam Wieczorek,1.0,1.32054
990,Andre Soukhamthath,0.3333,1.4
991,Alex Garcia,0.5556,4.0
992,Thibault Gouti,0.2,1.32054
993,Te Edwards,0.0,1.39996
994,Gray Maynard,0.5789,3.0
995,Ryan LaFlare,0.7778,6.0
996,Luis Henrique,0.4,2.75
997,Thales Leites,0.6,2.3
998,Aleksei Kunchenko,0.6667,1.39996
999,Khalid Murtazaliev,,1.39996
1000,Adam Yandiev,,1.39996
1001,Roberto Sanchez,0.5,2.0
1002,Jake Ellenberger,0.5,3.3333
1003,John Moraga,0.6154,1.39996
1004,James Krause,0.5714,1.32054
1005,TJ Dillashaw,0.7647,1.75
1006,Demetrious Johnson,0.8824,10.0
1007,Matt Sayles,0.5,1.39996
1008,Danielle Taylor,0.5,1.32054
1009,Eddie Alvarez,0.5714,3.0
1010,Jordan Mein,0.5,1.375
1011,Kajan Johnson,0.6667,4.0
1012,Dustin Ortiz,0.6154,4.0
1013,Vitor Miranda,0.5,1.39996
1014,Emil Meek,0.3333,1.32054
1015,Justin Ledet,0.5,1.32054
1016,Jeremy Kimball,0.3333,1.32054
1017,Damian Stasiak,0.4,2.3333
1018,Sage Northcutt,0.7143,1.5
1019,Myles Jury,0.7273,2.4
1020,Justin Scoggins,0.5,4.3333
1021,Jessica Aguilar,0.25,2.0
1022,Gokhan Saki,1.0,1.39996
1023,Jamie Moyle,0.5,3.0
1024,Jay Cucciniello,,1.39996
1025,John Gunther,1.0,8.0
1026,Tyler Diamond,,1.39996
1027,Matt Bessette,0.0,1.39996
1028,Felipe Arantes,0.4545,1.32054
1029,Rolando Dy,0.3333,1.32054
1030,Shinsho Anzai,0.6667,1.5
1031,Viviane Pereira,0.6667,1.32054
1032,Jenel Lausa,0.3333,1.32054
1033,CM Punk,0.0,1.39996
1034,Rashad Coulter,0.0,1.32054
1035,Rashad Evans,0.6364,3.7273
1036,Mike Santiago,0.0,2.5
1037,Johnny Eduardo,0.4286,1.32054
1038,Jarred Brooks,0.3333,6.0
1039,Eric Spicely,0.3333,1.39996
1040,Daniel Kelly,0.6667,1.6667
1041,Bradley Scott,0.4286,1.32054
1042,Diego Rivas,0.6667,2.0
1043,Henry Briones,0.25,1.39996
1044,Vitor Belfort,0.6,0.5
1045,Alberto Mina,1.0,1.39996
1046,Justin Willis,1.0,3.0
1047,Dhiego Lima,0.4,3.0
1048,Matthew Lopez,0.4,3.0
1049,Bec Rawlings,0.3333,1.39996
1050,Tom Duquesnoy,0.5,1.32054
1051,Mark Godbeer,0.6667,1.32054
1052,CB Dollaway,0.5789,2.1667
1053,Mike Pyle,0.5556,1.4286
1054,Bryan Caraway,0.6667,3.0
1055,Jordan Johnson,1.0,4.0
1056,Albert Morales,0.2,0.6667
1057,Joshua Burkman,0.3333,2.3636
1058,Oskar Piechota,0.4,1.39996
1059,Damien Brown,0.4,1.32054
1060,Rob Wilkinson,0.0,2.0
1061,Lyoto Machida,0.6522,1.2222
1062,Tim Johnson,0.5,2.0
1063,Alan Patrick,0.625,3.92
1064,Maia Stevenson,,1.39996
1065,Iuri Alcantara,0.5882,6.0
1066,Jordan Rinaldi,0.5,2.0
1067,Austin Arnett,0.3333,1.39996
1068,Sabah Homasi,0.0,2.0
1069,Kalindra Faria,0.0,1.32054
1070,Mads Burnell,0.5,1.5
1071,Carls John De Tomas,0.0,2.0
1072,Antonio Braga Neto,0.5,2.0
1073,David Teymur,1.0,1.39996
1074,Amanda Cooper,0.4,1.32054
1075,Nicco Montano,1.0,2.25
1076,Barb Honchak,0.0,1.39996
1077,Joe Soto,0.4286,1.32054
1078,Christina Marks,,1.39996
1079,Karine Gevorgyan,,1.39996
1080,Ariel Beck,,1.39996
1081,Michael Bisping,0.7143,1.6364
1082,Wang Guan,,1.39996
1083,Kailin Curran,0.1667,5.0
1084,Cyril Asker,0.5,1.32054
1085,Alex Chambers,0.25,1.75
1086,Anthony Hamilton,0.3333,2.5
1087,Nate Marquardt,0.5417,1.9286
1088,Johny Hendricks,0.65,5.0
1089,Hacran Dias,0.4286,5.0
1090,Marcelo Golm,0.3333,1.39996
1091,Marcin Held,0.0,3.0
1092,Artem Lobov,0.3333,1.39996
1093,Salim Touahri,0.0,1.39996
1094,Pearl Gonzalez,0.0,2.0
1095,Takanori Gomi,0.3333,1.32054
1096,Syuri Kondo,0.3333,1.39996
1097,Daichi Abe,0.5,1.39996
1098,Luke Rockhold,0.7895,1.32054
1099,Hector Lombard,0.2727,2.0
1100,Jason Saggo,0.6,4.0
1101,Mitch Clarke,0.3333,1.5
1102,Francimar Barroso,0.5,2.5
1103,Bojan Mihajlovic,0.0,1.32054
1104,Alvaro Herrera,0.3333,1.32054
1105,Rafael Natal,0.5625,3.5
1106,Damian Grabowski,0.0,1.32054
1107,Frankie Perez,0.3333,1.32054
1108,James Mulheron,,1.39996
1109,Charlie Ward,0.0,1.39996
1110,Leslie Smith,0.5,1.32054
1111,Daniel Omielanczuk,0.5,2.0
1112,Travis Browne,0.5625,1.5
1113,Josh Stansbury,0.5,1.32054
1114,Dong Hyun Kim,0.7647,3.6
1115,Tarec Saffiedine,0.4,1.39996
1116,Kwan Ho Kwak,0.0,1.32054
1117,Naoki Inoue,1.0,1.39996
1118,Kiichi Kunimoto,0.75,1.39996
1119,Erick Silva,0.5,1.39996
1120,Luan Chagas,0.3333,0.5
1121,Peter Sobotta,0.4444,2.0
1122,Oliver Enkamp,0.0,1.39996
1123,Reza Madadi,0.5,3.3333
1124,Nico Musoke,0.6,1.6667
1125,Joachim Christensen,0.5,1.32054
1126,Hector Sandoval,0.6667,1.6667
1127,Patrick Williams,0.3333,2.0
1128,Will Brooks,0.3333,2.5
1129,Brad Pickett,0.3846,2.0
1130,Rony Jason,0.5,1.32054
1131,Garreth McLellan,0.25,1.32054
1132,Sam Sicilia,0.4545,1.3333
1133,Anderson Silva,0.7561,0.52
1134,Abel Trujillo,0.6,2.0
1135,Daniel Jolly,0.0,1.32054
1136,Bobby Nash,0.0,1.5
1137,Henrique da Silva,0.4,1.32054
1138,Jason Gonzalez,0.3333,1.32054
1139,Jocelyn Jones-Lybarger,0.0,1.32054
1140,Dmitrii Smoliakov,0.0,1.32054
1141,Brandon Thatch,0.4,1.32054
1142,Cole Miller,0.5263,0.4211
1143,James Moontasri,0.4,1.32054
1144,Bojan Velickovic,0.4,1.32054
1145,Tim Kennedy,0.75,2.3333
1146,Valerie Letourneau,0.6,1.39996
1147,Zach Makovsky,0.5,6.0
1148,Joe Gigliotti,0.0,1.32054
1149,Tiago Trator,0.6667,1.32054
1150,Keith Berish,0.0,0.0
1151,Juliana Lima,0.5,1.8
1152,Elvis Mutapcic,0.0,1.32054
1153,Kyle Noke,0.5455,1.6
1154,Yusuke Kasuya,0.0,1.32054
1155,Seohee Ham,0.3333,1.32054
1156,Richard Walsh,0.4,5.0
1157,Ben Nguyen,0.6667,1.32054
1158,Yao Zhikui,0.3333,1.39996
1159,Ryan Bader,0.7368,3.2
1160,Gegard Mousasi,0.7273,1.39996
1161,Magnus Cedenblad,0.8,1.5
1162,Kyoji Horiguchi,0.8571,1.5714
1163,Anna Elmose,0.0,1.32054
1164,Erik Perez,0.75,2.4
1165,Marco Beltran,0.75,1.39996
1166,Erick Montano,0.5,2.0
1167,Polo Reyes,0.8,1.32054
1168,Lukasz Sajewski,0.0,1.32054
1169,Jonathan Wilson,0.3333,1.32054
1170,Cody East,0.0,1.32054
1171,Kelly Faszholz,0.0,1.32054
1172,Roy Nelson,0.5,1.0
1173,Godofredo Pepey,0.5,1.39996
1174,Glaico Franca,0.5,4.0
1175,Roan Carneiro,0.5,3.2
1176,Chris Wade,0.6667,3.0
1177,Augusto Montano,0.5,1.39996
1178,Jessin Ayari,0.3333,1.39996
1179,Scott Askham,0.4,1.32054
1180,Shane Campbell,0.25,1.3333
1181,Jeremy Kennedy,1.0,7.0
1182,Anthony Johnson,0.7222,1.4444
1183,Rick Story,0.6667,3.0
1184,Hyun Gyu Lim,0.5,1.32054
1185,Alberto Uda,0.0,1.32054
1186,Viktor Pesta,0.25,3.3333
1187,Francisco Rivera,0.4,1.32054
1188,Cesar Arzamendia,0.0,3.0
1189,Jim Alers,0.3333,2.0
1190,Michael McDonald,0.75,5.0
1191,Cain Velasquez,0.8571,2.7
1192,Cory Hendricks,,1.39996
1193,Anthony Birchak,0.4,1.39996
1194,Russell Doane,0.4286,3.0
1195,Rory MacDonald,0.75,4.0
1196,Steve Bosse,0.5,1.32054
1197,Tamdan McCrory,0.5,1.5714
1198,Chris Beal,0.5,1.75
1199,Ali Bagautinov,0.6667,3.3333
1200,Dan Henderson,0.5294,1.7143
1201,Chris Camozzi,0.5,1.39996
1202,Antonio Silva,0.3,1.32054
1203,Albert Tumenov,0.7143,1.32054
1204,Jon Tuck,0.5,1.32054
1205,Yan Cabral,0.5,4.0
1206,Ulka Sasaki,0.5,1.625
1207,Efrain Escudero,0.4545,2.6667
1208,Oluwale Bamgbose,0.25,1.32054
1209,Igor Pokrajac,0.3333,1.6667
1210,Ian Entwistle,0.5,1.32054
1211,Filip Pejic,,1.39996
1212,Rob Whiteford,0.5,2.5
1213,James Te Huna,0.5556,5.0
1214,Brendan O'Reilly,0.3333,3.0
1215,Mike Wilkinson,0.6667,1.32054
1216,Norman Parke,0.625,6.0
1217,Teemu Packalen,0.3333,3.0
1218,Daniel Sarafian,0.4,1.39996
1219,Jonavin Webb,0.0,2.0
1220,Noad Lahat,0.6667,2.0
1221,Josh Barnett,0.6667,0.8
1222,George Sullivan,0.5,2.0
1223,Matt Dwyer,0.3333,1.32054
1224,Patrick Cote,0.5,0.5882
1225,Maximo Blanco,0.5,1.6667
1226,Lorenz Larkin,0.4444,1.32054
1227,Diego Brandao,0.6667,2.4
1228,Sheldon Westcott,0.0,2.5
1229,Sarah Kaufman,0.3333,0.5
1230,Josh Samman,0.75,1.39996
1231,Hayder Hassan,0.0,1.32054
1232,Joe Proctor,0.5714,1.39996
1233,Tatsuya Kawajiri,0.6,3.5
1234,Gabriel Gonzaga,0.5714,1.2857
1235,Joby Sanchez,0.25,1.32054
1236,Benson Henderson,0.7692,5.0
1237,Yoshihiro Akiyama,0.3333,4.0
1238,Dongi Yang,0.25,3.0
1239,Yui Chul Nam,0.5,1.5
1240,Tae Hyun Bang,0.5,1.32054
1241,Ning Guangyou,0.6667,2.0
1242,Dominique Steele,0.25,3.3333
1243,Horacio Gutierrez,0.0,1.39996
1244,Hector Urbina,0.5,1.32054
1245,Vernon Ramos,,1.39996
1246,Valmir Lazaro,0.5,4.0
1247,Ronda Rousey,0.8571,3.5
1248,Anthony Perosh,0.4545,1.3333
1249,Richie Vaculik,0.3333,2.0
1250,Fabio Maldonado,0.5,1.32054
1251,Gleison Tibau,0.5926,4.7
1252,Kevin Souza,1.0,1.32054
1253,Viscardi Andrade,0.6667,1.39996
1254,Bruno Korea,,1.39996
1255,Paddy Holohan,0.75,2.0
1256,Neil Seery,0.5,1.32054
1257,Aisling Daly,0.5,1.5
1258,Cathal Pendred,0.8,3.0
1259,Bubba Bush,0.0,0.0
1260,Shawn Jordan,0.6667,1.32054
1261,Adriano Martins,0.6667,1.39996
1262,Francisco Trevino,0.5,2.0
1263,Chris Cariaso,0.5833,1.32054
1264,Takeya Mizugaki,0.6154,4.0
1265,Katsunori Kikuno,0.5,3.0
1266,Naoyuki Kotani,0.0,0.5
1267,Clay Collard,0.3333,3.3333
1268,Joe Riggs,0.4545,1.1818
1269,Sam Stout,0.4737,0.5882
1270,Yves Jabouin,0.5556,1.39996
1271,Chris Kelades,0.6667,2.0
1272,Jared Rosholt,0.8571,2.0
1273,Chris Dempsey,0.3333,1.5
1274,Anthony Christodoulou,0.0,1.32054
1275,Reginaldo Vieira,0.5,1.5
1276,Rafael Feijao,0.25,1.32054
1277,Hugo Viana,0.6,1.32054
1278,Kenny Robertson,0.5,1.32054
1279,Daron Cruickshank,0.5,4.0
1280,Ramsey Nijem,0.5556,4.0
1281,Jessamyn Duke,0.3333,1.39996
1282,Mickael Lebout,0.5,1.32054
1283,Marcus Brimage,0.5714,1.39996
1284,Frank Mir,0.6154,1.0
1285,Josh Thomson,0.5,2.0
1286,Scott Jorgensen,0.3636,3.0
1287,Igor Araujo,0.6667,1.32054
1288,Kevin Casey,0.1667,1.32054
1289,Andrew Craig,0.5,1.32054
1290,Michael Graves,1.0,7.0
1291,Angela Magana,0.0,1.32054
1292,Dan Miller,0.5,1.5556
1293,Darrell Montague,0.0,1.32054
1294,Mike Swick,0.7143,0.6154
1295,Yosdenis Cedeno,0.3333,1.32054
1296,Leandro Silva,0.4286,2.0
1297,Steve Montgomery,0.0,1.39996
1298,Danny Martinez,0.0,5.0
1299,Dennis Siver,0.55,0.7222
1300,Alan Omer,0.0,1.39996
1301,Niklas Backstrom,0.5,1.32054
1302,Piotr Hallmann,0.4,3.0
1303,Thiago Tavares,0.5882,2.875
1304,Brian Ebersole,0.7143,4.0
1305,Ricardo Abreu,1.0,1.39996
1306,KJ Noons,0.4,1.32054
1307,Wendell Oliveira,0.0,1.32054
1308,Lucas Martins,0.5,1.32054
1309,Luiz Dutra,0.0,1.32054
1310,Mark Munoz,0.5714,1.7273
1311,Phillipe Nover,0.1667,1.5
1312,Mark Eddiva,0.3333,4.0
1313,Zhang Lipeng,0.6667,4.0
1314,Roldan Sangcha-an,0.0,1.32054
1315,Nolan Ticman,0.0,1.39996
1316,Hatsu Hioki,0.4286,2.6667
1317,Dylan Andrews,0.5,1.5
1318,Vik Grujic,0.3333,1.32054
1319,Alptekin Ozkilic,0.3333,6.0
1320,Rampage Jackson,0.5833,0.6667
1321,Jessica Rakoczy,0.0,1.32054
1322,Eddie Gordon,0.3333,1.6667
1323,Pawel Pawlak,0.5,1.5
1324,Seth Baczynski,0.5,1.32054
1325,Izabela Badurek,,1.39996
1326,Marcin Bandel,0.0,1.32054
1327,Ron Stallings,0.5,1.32054
1328,Leonardo Mafra,0.3333,1.6667
1329,Jorge de Oliveira,0.0,1.32054
1330,Bentley Syler,,1.39996
1331,Jake Lindsey,0.0,1.32054
1332,Larissa Pacheco,0.0,1.32054
1333,Masio Fullen,0.5,1.39996
1334,William Patolino,0.3333,2.5
1335,Ivan Jorge,0.6667,2.0
1336,Ian McCall,0.4,4.0
1337,Richardson Moreira,0.0,1.32054
1338,Phil Davis,0.75,3.0
1339,Akira Corassani,0.6,1.32054
1340,Andy Ogle,0.2,1.6667
1341,John Howard,0.5385,4.6667
1342,Johnny Case,0.8,2.6667
1343,Matt Van Buren,0.0,1.32054
1344,Tateki Matsuda,0.0,1.32054
1345,Danny Castillo,0.5385,5.0
1346,Alexis Dufresne,0.0,3.0
1347,Elias Silverio,0.75,2.5
1348,Tom Niinimaki,0.3333,4.0
1349,Leandro Issa,0.5,2.0
1350,Marcio Alexandre Junior,0.0,1.39996
1351,Jamie Varner,0.375,5.0
1352,Joe Ellenberger,1.0,3.0
1353,David Michaud,0.5,3.5
1354,Emily Peters Kagan,0.0,2.0
1355,Todd Duffee,0.75,0.0
1356,Ruslan Magomedov,1.0,1.32054
1357,Luke Barnatt,0.6,1.39996
1358,Yves Edwards,0.5,0.3077
1359,Juan Puig,0.0,1.32054
1360,Edgar Garcia,0.0,1.3333
1361,Caio Magalhaes,0.6667,2.0
1362,Wagner Silva,0.0,1.32054
1363,Soa Palelei,0.6667,2.5
1364,Luke Zachrich,0.5,1.32054
1365,Jumabieke Tuerxun,0.0,1.39996
1366,Fabricio Camoes,0.2,5.0
1367,Tor Troeng,0.3333,1.39996
1368,Manvel Gamburyan,0.4286,2.3077
1369,Michinori Tanaka,0.5,3.0
1370,Kazuki Tokudome,0.3333,2.0
1371,Paulo Thiago,0.4167,1.4286
1372,Matt Mitrione,0.6923,0.0
1373,Sean Soriano,0.0,1.33
1374,Ruan Potts,0.0,1.32054
1375,Francis Carmont,0.75,3.0
1376,Sai Wang,0.0,1.39996
1377,Roland Delorme,0.5,2.25
1378,An Ying Wang,1.0,1.32054
1379,Elizabeth Phillips,0.3333,1.32054
1380,Tom Watson,0.3333,1.39996
1381,Kyle Kingsbury,0.5,3.6667
1382,Hernani Perpetuo,0.0,1.32054
1383,Akbarh Arreola,0.3333,2.0
1384,Andreas Stahl,0.0,1.39996
1385,Steven Siler,0.625,1.39996
1386,Cody Donovan,0.3333,1.32054
1387,Justin Salas,0.5,4.0
1388,Jesse Ronson,0.0,1.32054
1389,Patrick Walsh,1.0,5.0
1390,George Roop,0.4167,0.7273
1391,Clint Hester,0.6667,1.32054
1392,Colton Smith,0.3333,7.0
1393,Johnny Bedford,0.4,4.0
1394,Marcelo Guimaraes,0.6667,1.6667
1395,Chris Indich,0.0,1.32054
1396,Yaotzin Meza,0.3333,1.32054
1397,Bobby Voelker,0.0,4.0
1398,Rodrigo Damm,0.5,1.32054
1399,Vaughan Lee,0.4286,4.0
1400,Chris Holdsworth,1.0,1.39996
1401,Anthony Njokuani,0.4286,1.5
1402,Costas Philippou,0.6667,1.39996
1403,Anthony Lapsley,0.0,1.32054
1404,Estevan Payan,0.0,1.32054
1405,Ryan Jimmo,0.5,1.32054
1406,Mark Bocek,0.5833,3.0
1407,Minotauro Nogueira,0.5,1.2
1408,Ronny Markes,0.75,6.0
1409,Thiago Perpetuo,0.5,1.39996
1410,Jake Shields,0.5714,4.0
1411,Sean Spencer,0.4286,1.32054
1412,Renee Forte,0.3333,1.32054
1413,Will Campuzano,0.0,1.6667
1414,Bubba McDaniel,0.5,1.39996
1415,Cyrille Diabate,0.5714,1.32054
1416,Nam Phan,0.2857,1.39996
1417,Albert Cheng,,1.39996
1418,Cody Gibson,0.2857,4.0
1419,Rafaello Oliveira,0.2857,5.0
1420,Ernest Chavez,0.5,2.0
1421,Cristiano Marcello,0.3333,1.39996
1422,Ildemar Alcantara,0.6667,3.0
1423,Nick Catone,0.4286,3.0
1424,Junior Hernandez,0.0,1.32054
1425,Isaac Vallie-Flagg,0.3333,1.32054
1426,Charlie Brenneman,0.4,6.0
1427,Royston Wee,1.0,6.0
1428,Dustin Kimura,0.5,1.32054
1429,Chris Leben,0.5714,1.0714
1430,Robert Peralta,0.5714,1.39996
1431,Darren Uyenoyama,0.6667,2.0
1432,Pat Barry,0.4545,0.0
1433,Julie Kedzie,0.0,2.0
1434,Nick Ring,0.6,2.5
1435,Bruno Santos,0.5,2.5
1436,Ben Wall,0.0,1.39996
1437,Joshua Sampo,0.3333,2.0
1438,Georges St-Pierre,0.9048,4.2
1439,Josh Koscheck,0.625,1.9412
1440,Jason High,0.5,1.32054
1441,Jose Maria,0.0,1.32054
1442,Alessio Sakara,0.4286,1.0
1443,Phil Harris,0.25,2.0
1444,Rosi Sexton,0.0,1.32054
1445,Jimy Hettes,0.6,8.0
1446,George Sotiropoulos,0.7,2.2
1447,TJ Waldburger,0.5714,6.0
1448,Jeremy Larsen,0.0,1.32054
1449,Dustin Pague,0.2,1.39996
1450,Thiago Silva,0.5455,0.625
1451,Rousimar Palhares,0.6364,2.75
1452,Iliarde Santos,0.0,1.32054
1453,Brendan Schaub,0.6,1.125
1454,Pat Healy,0.0,2.5
1455,Mike Ricci,0.5,1.32054
1456,Ivan Menjivar,0.5,0.2857
1457,Chris Clements,0.5,1.32054
1458,Nandor Guelmino,,1.39996
1459,Marcos Vinicius,0.5,1.39996
1460,Joao Zeferino,0.0,1.32054
1461,Keith Wisniewski,0.0,3.0
1462,Yuri Villefort,0.0,3.0
1463,Louis Gaudinot,0.25,1.39996
1464,Pascal Krauss,0.6667,3.0
1465,Chico Camus,0.4286,2.0
1466,Ryan Couture,0.0,1.39996
1467,Jared Hamman,0.3333,1.0
1468,Justin Edwards,0.3333,7.0
1469,James Head,0.5,1.32054
1470,Mike Brown,0.4,2.75
1471,Vinny Magalhaes,0.25,1.0
1472,Ednaldo Oliveira,0.0,1.32054
1473,Mac Danzig,0.4167,1.0909
1474,Aaron Riley,0.375,1.1429
1475,John Albert,0.25,1.32054
1476,Mike Pierce,0.6923,4.3333
1477,Sean Pierson,0.6,1.32054
1478,Brian Bowles,0.6667,1.39996
1479,Leonard Garcia,0.25,0.5
1480,Clifford Starks,0.5,3.0
1481,Bristol Marunde,0.0,3.0
1482,Justin Lawrence,0.5,1.39996
1483,Chris Spang,,1.39996
1484,Benny Alloway,0.5,1.39996
1485,Michael Kuiper,0.3333,1.3333
1486,Papy Abedi,0.3333,1.6667
1487,Antonio Carvalho,0.6667,1.32054
1488,Wanderlei Silva,0.3636,0.25
1489,Riki Fukuda,0.5,6.0
1490,Jon Manley,,1.39996
1491,Nah-Shon Burrell,1.0,1.39996
1492,Terry Etim,0.6,0.3
1493,Paul Sass,0.75,1.39996
1494,Jon Fitch,0.8235,3.4667
1495,Jacob Volkmann,0.6667,3.0
1496,Edwin Figueroa,0.4,1.32054
1497,TJ Grant,0.7,1.8
1498,Mike Stumpf,0.0,1.32054
1499,Mike Russow,0.8,8.0
1500,Simeon Thoresen,0.5,1.39996
1501,Diego Nunes,0.6,1.32054
1502,Wagner Prado,0.0,0.0
1503,Melvin Guillard,0.5714,1.3
1504,Philip De Fries,0.5,3.0
1505,Reuben Duran,0.3333,1.32054
1506,Mike Rio,0.3333,4.0
1507,Jared Papazian,0.0,1.32054
1508,Colin Fletcher,0.0,1.39996
1509,Brendan Loughnane,,1.39996
1510,Nick Penner,0.0,1.32054
1511,Marcus LeVesseur,0.5,2.5
1512,Mark Hominick,0.5,0.25
1513,Matthew Riddle,0.6,3.8
1514,Rich Franklin,0.7368,0.75
1515,Tiequan Zhang,0.3333,1.39996
1516,Yasuhiro Urushitani,0.0,1.32054
1517,Luiz Cane,0.5,0.2
1518,Josh Neer,0.4286,0.9
1519,Aaron Simpson,0.7,3.8333
1520,Bart Palaszewski,0.3333,1.32054
1521,Dan Hardy,0.5556,0.5
1522,John Hathaway,0.875,4.6667
1523,Che Mills,0.5,1.32054
1524,DaMarques Johnson,0.4444,0.5556
1525,Jason Young,0.3333,2.0
1526,Matt Hamill,0.7143,2.0
1527,Ken Stone,0.6667,1.32054
1528,Josh Grispi,0.0,3.0
1529,Cheick Kongo,0.6471,1.6923
1530,Karlos Vemola,0.4,1.32054
1531,Damacio Page,0.0,1.32054
1532,Forrest Griffin,0.6429,0.7692
1533,Cung Le,0.6667,1.32054
1534,John Alessio,0.0,0.6667
1535,Anistavio Medeiros,,1.39996
1536,Delson Heleno,,1.39996
1537,John Teixeira,,1.39996
1538,Buddy Roberts,1.0,1.39996
1539,Henry Martinez,0.5,1.32054
1540,Jake Hecht,0.5,1.32054
1541,Jonathan Brookins,0.5,3.0
1542,Jason Miller,0.0,1.0
1543,Amir Sadollah,0.6,0.5714
1544,Jason MacDonald,0.4615,0.8
1545,Cody McKenzie,0.5,1.5
1546,Jeff Curran,0.0,0.0
1547,Alex Soto,0.0,1.32054
1548,Mike Massenzio,0.3333,2.0
1549,Miguel Torres,0.6667,1.39996
1550,Brian Stann,0.6,0.0
1551,Mackens Semerzier,0.5,2.0
1552,Oli Thompson,0.0,1.39996
1553,Norifumi Yamamoto,0.0,1.39996
1554,Anton Kuivanen,0.5,1.5
1555,Dan Stittgen,0.0,1.39996
1556,Chael Sonnen,0.5385,3.4
1557,Joey Beltran,0.3333,0.5
1558,Duane Ludwig,0.5,0.1667
1559,Mike Easton,0.5,1.39996
1560,Jorge Rivera,0.5,0.5455
1561,Kamal Shalorus,0.0,1.32054
1562,Joseph Sandoval,0.0,1.32054
1563,Ricardo Funch,0.0,1.0
1564,Brock Lesnar,0.6667,2.25
1565,Vladimir Matyushenko,0.6364,2.5
1566,Tito Ortiz,0.5769,2.4545
1567,Claude Patrick,1.0,2.6667
1568,Krzysztof Soszynski,0.75,0.6
1569,Walel Watson,0.3333,1.39996
1570,Rich Attonito,0.75,1.32054
1571,Stephan Bonnar,0.5714,1.2143
1572,Tom Lawlor,0.6,2.6667
1573,Aaron Rosa,0.5,1.32054
1574,John Maguire,0.5,6.0
1575,Rob Broughton,0.5,1.39996
1576,Michihiro Omigawa,0.1667,1.4
1577,Chris Cope,0.5,1.32054
1578,Mirko Cro Cop,0.4,0.3333
1579,Tyson Griffin,0.6154,1.6667
1580,Brandon Vera,0.5333,0.5455
1581,Steve Cantwell,0.2,0.5
1582,Shane Roller,0.4,1.32054
1583,Matt Hughes,0.75,2.2381
1584,Junior Assuncao,0.5,1.0
1585,Alan Belcher,0.6429,0.3636
1586,Clay Harvison,0.5,1.39996
1587,Dennis Hallman,0.375,1.3333
1588,Jeff Hougland,0.5,1.39996
1589,Christian Morecraft,0.3333,1.3333
1590,Joe Stevenson,0.5333,2.2308
1591,Daniel Roberts,0.5,3.5
1592,Shane Carwin,0.8,0.3333
1593,Kenny Florian,0.75,1.5625
1594,Dave Herman,0.25,1.39996
1595,Vagner Rocha,0.3333,1.5
1596,Jesse Bongfeldt,0.0,2.0
1597,Chuck O'Neil,,1.39996
1598,Danny Downes,0.0,1.39996
1599,Ryan McGillivray,,1.39996
1600,Kendall Grove,0.5833,0.3636
1601,Cole Escovedo,0.0,1.39996
1602,Jon Madsen,1.0,1.3333
1603,Sean McCorkle,0.5,1.32054
1604,Mario Miranda,0.3333,1.5
1605,Waylon Lowe,0.6667,3.3333
1606,Ricardo Almeida,0.6,3.125
1607,Kurt Pellegrino,0.6364,2.1111
1608,Rob Kimmons,0.5,1.2
1609,Tom Blackledge,,1.39996
1610,Maciej Jewtuszko,,1.39996
1611,Paul Taylor,0.375,0.2857
1612,Phil Baroni,0.3333,0.8889
1613,Joe Doerksen,0.25,2.0
1614,Pat Audinwood,0.0,1.32054
1615,Ian Loveland,0.5,1.39996
1616,Sako Chivitchian,,1.39996
1617,Fredson Paixao,,1.39996
1618,Gerald Harris,1.0,2.0
1619,Karo Parisyan,0.6667,4.4167
1620,Mike Lullo,0.0,1.39996
1621,Paul Kelly,0.625,1.6
1622,Seth Petruzelli,0.0,0.5
1623,Kris McCray,0.0,1.32054
1624,Mike Guymon,0.3333,1.5
1625,James Wilks,0.6667,1.5
1626,Spencer Fisher,0.5625,0.6
1627,James McSweeney,0.5,1.0
1628,Matt Serra,0.5385,1.7692
1629,Sean Sherk,0.6364,4.0909
1630,Steve Lopez,0.0,0.0
1631,Tomasz Drwal,0.6,2.25
1632,Brian Foster,0.5,1.0
1633,Randy Couture,0.6957,2.3182
1634,Andre Winner,0.4,0.0
1635,Nick Osipczak,0.5,1.0
1636,Dustin Hazelett,0.5556,0.25
1637,Rodney Wallace,0.0,9.0
1638,Todd Brown,0.0,1.39996
1639,James Irvin,0.4444,0.0
1640,Chris Lytle,0.4737,0.5625
1641,Forrest Petz,0.3333,1.2
1642,Keith Jardine,0.5,0.25
1643,Jamie Yager,,1.39996
1644,John Gunderson,0.5,2.5
1645,Josh Bryant,,1.39996
1646,Chuck Liddell,0.7273,0.2727
1647,David Loiseau,0.5,0.375
1648,Jason Brilz,0.5,2.2
1649,Jesse Forbes,0.0,0.0
1650,Kevin Ferguson,1.0,4.0
1651,Marcus Davis,0.6429,0.9167
1652,Yoshiyuki Yoshida,0.5,0.25
1653,Nate Quarry,0.7778,0.1111
1654,Rob Emerson,0.5,1.6667
1655,Caol Uno,0.3333,2.2222
1656,Eliot Marshall,0.6,0.3333
1657,Eric Schafer,0.375,1.0
1658,Kai Asakura,,0.0
1659,Lukasz Brzeski,0.3333,0.46
1660,Gabriella Fernandes,0.3333,0.67
1661,Ozzy Diaz,0.0,0.0
1662,SuYoung You,1.0,4.67
1663,DongHun Choi,1.0,0.46
1664,Feng Xiaocan,1.0,1.08
1665,Jose Ochoa,,0.0
1666,Quang Le,0.0,2.0
1667,Roberto Romero,,0.0
1668,Carlos Prates,1.0,0.44
1669,Reinier de Ridder,,6.39
1670,Cortavious Romious,0.5,1.97
1671,Zachary Scroggin,,0.0
1672,Antonio Trocoli,0.0,0.91
1673,Klaudia Sygula,,0.0
1674,Brendson Ribeiro,0.3333,2.2
1675,Garrett Armfield,0.5,1.1
1676,Aleksandar Rakic,0.6667,1.5
1677,Rafael Cerqueira,,0.0
1678,Myktybek Orolbai,1.0,7.44
1679,Victor Hugo,1.0,0.81
1680,Carlos Leal,,1.0
1681,Sumudaerji,0.5,0.29
1682,Cameron Smotherman,0.0,0.0
1683,Jean Matsumoto,1.0,1.2
1684,Alice Ardelean,0.0,1.0
1685,Ramazan Temirov,,0.0
1686,Sean Sharaf,,2.07
1687,Cody Haddon,1.0,2.48
1688,Lucas Rocha,1.0,0.0
1689,Kayla Harrison,1.0,4.42
1690,Ihor Potieria,0.4286,0.77
1691,Tecia Pennington,0.5625,0.57
1692,Gabriel Miranda,0.5,4.8
1693,Ivan Erslan,,1.0
1694,Daria Zhelezniakova,1.0,0.8
1695,Ketlen Souza,0.5,0.9
1696,Yanal Ashmouz,0.5,4.8
1697,Chris Padilla,1.0,3.26
1698,Brendon Marotte,0.0,0.0
1699,Andre Lima,1.0,1.13
1700,Gabriel Santos,0.0,4.34
1701,Nathan Fletcher,,9.63
1702,Ryan Loder,,2.2
1703,Mairon Santos,,0.0
1704,Jose Daniel Medina,0.0,0.5
1705,Chepe Mariscal,1.0,3.09
1706,Nikolay Veretennikov,0.0,0.0
1707,Chelsea Chandler,0.6667,0.91
1708,Talita Alencar,1.0,2.0
1709,Jordan Vucenic,,0.0
1710,Sam Hughes,0.375,0.85
1711,Rolando Bedoya,0.0,0.0
1712,Caolan Loughran,0.5,2.0
1713,Kiefer Crosbie,0.0,0.0
1714,Kaynan Kruschewsky,0.5,2.74
1715,Hyder Amil,1.0,0.64
1716,Jean Silva,1.0,0.81
1717,Fatima Kline,,1.0
1718,Darrius Flowers,0.3333,0.98
1719,Michael Page,1.0,0.44
1720,Yanis Ghemmouri,0.0,0.0
1721,Felipe Lima,,1.33
1722,Muin Gafurov,0.0,1.95
1723,ChangHo Lee,1.0,3.24
1724,Lucas Almeida,0.25,0.0
1725,Jose Johnson,0.5,0.71
1726,Adam Fugitt,0.3333,2.04
1727,Jesse Butler,0.0,0.0
1728,Daniel Marcos,1.0,0.25
1729,Puja Tomar,,0.0
1730,Vinicius Salvador,0.3333,0.36
1731,Tuco Tokkos,0.0,1.96
1732,Melissa Gatto,0.5,1.5
1733,Trey Waters,0.5,0.44
1734,Ernesta Kareckaite,1.0,1.0
1735,Kevin Borjas,0.5,0.0
1736,Bogdan Guskov,0.5,0.0
1737,Michal Figlak,0.0,0.5
1738,Charlie Campbell,0.5,2.95
1739,Rhys McKee,0.0,0.0
1740,Connor Matthews,0.5,2.97
1741,Anton Turkalj,0.25,4.98
1742,Luis Pajuelo,1.0,0.0
1743,Steven Nguyen,0.6667,0.28
1744,Danny Silva,1.0,3.0
1745,Mitch Ramirez,0.0,0.91
1746,Bekzat Almakhan,,0.0
1747,Benardo Sopaj,,3.06
1748,AJ Cunningham,0.0,0.0
1749,Francisco Prado,0.5,0.0
1750,Mateus Mendonca,0.3333,2.54
1751,Denys Bondar,0.0,3.99
1752,Carlos Vera,,0.0
1753,Val Woodburn,0.0,1.92
1754,Pete Rodriguez,0.5,0.0
1755,Blake Bilder,0.6667,0.31
1756,MarQuel Mederos,1.0,0.0
1757,Jamal Pogues,0.75,2.4
1758,Ramon Taveras,0.5,0.0
1759,Felipe Bunes,,3.15
1760,Nick Aguirre,0.0,1.16
1761,Lucas Alexander,0.5,0.0
1762,Rafael Estevam,1.0,3.35
1763,Montserrat Conejo Ruiz,0.3333,2.05
1764,Anshul Jubli,1.0,0.82
1765,Ravena Oliveira,,2.0
1766,Hannah Goldy,0.4,0.67
1767,Terrence Mitchell,0.0,3.69
1768,Manolo Zecchini,,0.0
1769,Taila Santos,0.6667,2.64
1770,Jonny Parsons,1.0,0.0
1771,Genaro Valdez,0.3333,1.54
1772,Carl Deaton,0.0,0.0
1773,Maxim Grishin,0.5,0.38
1774,Nick Fiore,0.0,2.5
1775,Nurullo Aliev,1.0,3.06
1776,Khusein Askhabov,,0.0
1777,Juancamilo Ronderos,0.0,2.72
1778,Don Shainis,0.0,0.97
1779,Saidyokub Kakhramonov,1.0,6.63
1780,Jay Perrin,0.0,2.83
1781,Steven Koslow,,5.28
1782,Kevin Natividad,0.0,3.66
1783,Shanna Young,0.25,0.0
1784,Carlos Mota,,0.0
1785,Joshua Weems,0.0,4.77
1786,Gadzhi Omargadzhiev,0.5,1.35
1787,Cameron VanCamp,0.0,0.0
1788,Danyelle Wolf,1.0,0.0
1789,Harry Hunsucker,0.0,0.0
1790,Charlie Ontiveros,0.0,0.0
1791,Tony Kelley,0.6667,0.0
1792,Danny Chavez,0.5,2.5
1793,Zarrukh Adashev,0.3333,0.0
1794,Askar Mozharov,,0.0
1795,Alex Da Silva,0.3333,2.59
1796,Felipe Colares,0.4,2.5
1797,Tristan Connelly,0.5,0.5
1798,Sergey Khandozhko,0.5,1.32054
1799,Cameron Else,0.0,0.0
1800,TJ Laramie,0.5,3.0
1801,Brandon Jenkins,0.0,0.0
1802,Kevin Croom,0.0,0.97
1803,Bruno Souza,0.0,0.5
1804,Micheal Gillmore,0.0,0.0
1805,Mark Striegl,0.0,0.0
1806,Jesse Strader,0.0,3.87
1807,Fabio Cherant,0.0,0.0
1808,Danilo Marques,0.6667,4.83
1809,Leah Letson,1.0,1.32054
1810,John Allan,0.0,2.54
1811,Zviad Lazishvili,,0.0
1812,Gaetano Pirrello,0.0,0.0
1813,Martin Sano,,0.0
1814,Sarah Alpar,0.5,3.79
1815,Drako Rodriguez,0.5,2.93
1816,Anderson Dos Santos,0.3333,1.32054
1817,Jamey Simmons,0.0,0.0
1818,Montserrat Conejo,1.0,4.0
1819,Jerome Rivera,0.25,0.0
1820,Justin Jaynes,0.25,0.0
1821,Roque Martinez,0.0,0.38
1822,Lara Procopio,0.5,3.15
1823,Victor Rodriguez,0.0,0.0
1824,KB Bhullar,0.0,0.0
1825,Stefan Sekulic,0.0,2.0
1826,Jarjis Danho,0.0,1.32054
1827,Ray Rodriguez,0.0,2.32
1828,Philip Rowe,1.0,0.0
1829,Peter Barrett,0.3333,4.0
1830,Rachael Ostovich,0.3333,3.28
1831,Eduardo Garagorri,0.5,0.79
1832,Phillip Hawes,0.5,1.74
1833,Liliya Shakirova,,0.0
1834,Jeff Hughes,0.0,1.32054
1835,Austin Springer,,4.24
1836,Mizuki Inoue,1.0,0.0
1837,Alex Munoz,,4.0
1838,Ali Qaisi,,0.0
1839,Raphael Pessoa,0.5,0.0
1840,Chris Fishgold,0.3333,4.55
1841,Roman Bogatov,,0.0
1842,Zhalgas Zhamagulov,,0.0
1843,Brianna Van Buren,1.0,3.0
1844,Max Rohskopf,,0.0
1845,Klidson Abreu,0.3333,1.32054
1846,Saparbeg Safarov,0.3333,2.8
1847,Joshua Culibao,,0.0
1848,Kalinn Williams,,0.0
1849,Youssef Zalel,,0.0
1850,Luci Pudilova,0.3333,0.18
1851,Ode Obsourne,,3.23
1852,Omar Antonio Morales Ferrer,,0.0
1853,Isabela De Pauda,,2.0
1854,Rocco Martin,0.6154,0.68
1855,Chance Rencountre,0.6667,1.35
1856,Ben Askren,0.5,4.33
1857,Thomas Gifford,0.0,1.32054
1858,Hector Aldana,0.0,2.0
1859,Danilo Belluardo,0.0,3.5
1860,Nohelin Hernandez,0.0,0.71
1861,Carlos Huachin,0.0,1.32054
1862,Marcos Mariano,0.0,1.32054
1863,Derrick,0.0,3.18
1864,Jodie Esquibel,0.0,1.32054
1865,Bobby Moffett,0.5,2.74
1866,Krzystof Jotko,0.6364,1.39
1867,Yoshinori Horie,,0.0
1868,Sarah Frota,0.0,1.32054
1869,Jin Soo Son,0.0,1.5
1870,Sheymon Moraes,0.5,1.32054
1871,Dan Moret,0.0,1.32054
1872,Nina Ansaroff,0.6667,1.32054
1873,Sung Bin Jo,,1.32054
1874,Duda Santana,,1.32054
1875,Derrick Krantz,,1.32054
1876,Jesus Pinedo,1.0,5.0
1877,Carlo Pedersoli,0.5,3.0
1878,Justin Frazier,,1.32054
1879,Michel Batista,,1.32054
1880,Darrell Horcher,0.3333,1.32054
1881,Ricky Rainey,0.0,1.32054
1882,Terrion Ware,0.0,1.32054
1883,Craig White,0.0,1.32054
1884,Tim Williams,0.0,1.32054
1885,Jose Torres,1.0,1.32054
1886,Joe Giannetti,,1.32054
1887,Richie Smullen,,1.32054
1888,Allan Zuniga,,1.32054
1889,Melinda Fabian,0.0,0.0
1890,Felipe Silva,0.5,1.32054
1891,James Bochnovic,0.0,1.32054
1892,Dmitry Sosnovskiy,,1.32054
1893,Brian Camozzi,0.0,1.32054
1894,Galore Bofando,1.0,1.32054
1895,Ryan Janes,0.3333,1.32054
1896,Bharat Kandare,,1.32054
1897,Ashkan Mokhtarian,0.0,1.32054
1898,Michel Quinones,0.0,1.32054
1899,Marcel Fortuna,0.5,1.32054
1900,Christian Colombo,0.0,0.0
1901,Chanmi Jeon,0.0,1.32054
1902,Zu Anyanwu,,1.32054
1903,Abdul-Kerim Edilov,,1.32054
1904,Andrew Holbrook,0.5,1.32054
1905,Jesse Taylor,0.0,1.0
1906,Nick Roehrick,,1.32054
1907,Tom Gallicchio,,1.32054
1908,Jimmy Wallhead,0.0,1.32054
1909,Alex Nicholson,0.3333,1.32054
1910,Michael McBride,0.0,1.32054
1911,Cindy Dandois,,1.32054
1912,Rashid Magomedov,0.8,1.32054
1913,Augusto Mendes,0.5,2.0
1914,Nathan Coy,0.5,2.0
1915,Mike de la Torre,0.3333,1.32054
1916,Alessandro Ricci,0.0,1.32054
1917,JC Cottrell,0.0,1.32054
1918,Fredy Serrano,0.6667,2.6667
1919,Sean O'Connell,0.3333,1.32054
1920,Jonathan Meunier,0.0,1.32054
1921,Geane Herrera,0.3333,1.32054
1922,Milana Dudieva,0.5,2.0
1923,Heather Jo Clark,0.5,1.32054
1924,Jason Novelli,0.0,1.32054
1925,Chris Avila,0.0,1.32054
1926,Leonardo Augusto Leleco,0.0,1.32054
1927,Joey Gomez,0.0,1.32054
1928,Cristina Stanciu,0.0,1.32054
1929,Cody Pfister,0.3333,2.5
1930,Enrique Marin,0.0,1.32054
1931,Fernando Bruno,0.0,2.0
1932,Anton Zafir,0.0,1.32054
1933,Mehdi Baghdad,0.0,1.32054
1934,Dileno Lopes,0.0,3.0
1935,Jerrod Sanders,0.3333,1.32054
1936,Dominic Waters,0.0,5.0
1937,Willie Gates,0.3333,1.32054
1938,Rin Nakai,0.0,3.0
1939,Martin Svensson,,1.32054
1940,Felipe Olivieri,,1.32054
1941,Tony Sims,0.5,1.32054
1942,Masanori Kanehara,0.5,2.0
1943,Marcin Wrzosek,,1.32054
1944,Konstantin Erokhin,0.0,1.32054
1945,Abner Lloveras,,1.32054
1946,Leo Kuntz,0.0,1.32054
1947,Steve Kennedy,0.0,1.32054
1948,Gasan Umalatov,0.3333,2.0
1949,Jon Delos Reyes,0.3333,1.32054
1950,Ericka Almeida,0.0,1.32054
1951,Roger Zapata,,1.32054
1952,Nazareno Malegarie,,1.32054
1953,Sirwan Kakai,1.0,5.0
1954,Roman Salazar,0.0,1.32054
1955,Hans Stringer,0.5,2.0
1956,Paul Redmond,0.0,1.32054
1957,Levan Makashvili,1.0,7.0
1958,Joe Merritt,,1.32054
1959,Lewis Gonzalez,,1.32054
1960,Antonio Dos Santos,0.0,1.32054
1961,Leonardo Morales,0.0,1.32054
1962,Lisa Ellis,0.0,2.0
1963,Rocky Lee,,1.32054
1964,Justin Jones,0.0,1.32054
1965,Shayna Baszler,0.0,1.32054
1966,Cain Carrizosa,0.0,1.32054
1967,Roger Narvaez,0.5,1.32054
1968,Josh Copeland,0.0,1.32054
1969,Alex Torres,,1.32054
1970,Josh Shockley,0.0,1.32054
1971,Rodrigo de Lima,0.0,1.32054
1972,Andy Enz,0.0,1.32054
1973,Stanislav Nedkov,0.3333,1.6667
1974,Shane Howell,0.0,1.32054
1975,Mats Nilsson,0.0,1.32054
1976,Mike Rhodes,0.0,2.0
1977,Garett Whiteley,0.0,1.32054
1978,Matt Hobar,0.5,3.0
1979,Chris Heatherly,0.0,1.32054
1980,Humberto Brown,,1.32054
1981,Rodolfo Rubio,,1.32054
1982,Tim Gorman,0.0,1.32054
1983,Guto Inocente,0.0,1.32054
1984,Takenori Sato,0.0,1.32054
1985,Dashon Johnson,0.0,1.32054
1986,Jianping Yang,,1.32054
1987,Danny Mitchell,0.0,1.32054
1988,Jack May,0.0,1.32054
1989,Mike King,,1.32054
1990,Tina Lahdemaki,,1.32054
1991,Daniel Spohn,,1.32054
1992,Guilherme Vasconcelos,,1.32054
1993,Lance Benoist,0.3333,2.0
1994,Brian Houston,0.0,1.32054
1995,Shunichi Shimizu,,1.32054
1996,Will Chope,,1.32054
1997,Quinn Mulhern,0.0,1.32054
1998,Dave Galera,,1.32054
1999,Roger Bowling,0.0,2.5
2000,Peggy Morgan,,1.32054
2001,Adlan Amagov,1.0,6.0
2002,David Mitchell,0.25,2.0
2003,Martin Kampmann,0.6875,0.9286
2004,Brian Melancon,1.0,1.32054
2005,Sheila Gaff,0.0,1.32054
2006,Josh Clopton,0.0,4.0
2007,Roger Gracie,,1.32054
2008,Eddie Mendez,,1.32054
2009,John Cholish,0.5,1.32054
2010,Roger Hollett,0.0,1.32054
2011,Azamat Gashimov,0.0,1.32054
2012,Gilbert Smith,,1.32054
2013,Collin Hart,,1.32054
2014,Jimmy Quinlan,,1.32054
2015,Pablo Garza,0.6,1.32054
2016,Adam Cella,,1.32054
2017,Besam Yousef,0.0,1.32054
2018,Issei Tamura,0.5,1.32054
2019,Lavar Johnson,0.6667,1.32054
2020,Matt Grice,0.3333,1.3333
2021,Caros Fodor,,1.32054
2022,Brock Jardine,0.0,1.32054
2023,Jorge Santiago,0.2,0.6667
2024,Motonobu Tezuka,0.0,2.0
2025,Ulysses Gomez,0.0,1.32054
2026,Jay Hieron,0.0,4.5
2027,Milton Vieira,0.0,1.0
2028,CJ Keith,0.0,1.32054
2029,Byron Bloodworth,0.0,1.32054
2030,Shane del Rosario,0.0,1.32054
2031,John Cofer,0.0,2.0
2032,Manuel Rodriguez,,1.32054
2033,Chad Griggs,0.0,1.32054
2034,Tom DeBlass,0.0,2.0
2035,Joey Gambino,0.0,1.32054
2036,Carlo Prater,0.5,1.32054
2037,Tommy Hayden,0.0,2.0
2038,Eiji Mitsuoka,0.0,1.32054
2039,Josh Ferguson,0.0,1.32054
2040,Yoislandy Izquierdo,0.0,1.32054
2041,Wagner Campos,,1.32054
2042,Luis Ramos,0.0,1.32054
2043,Carlos Eduardo Rocha,0.5,1.32054
2044,Bernardo Magalhaes,0.0,1.32054
2045,Pat Schilling,0.0,1.32054
2046,Chris Tickle,,1.32054
2047,Chris Saunders,,1.32054
2048,Jorge Lopez,0.0,3.0
2049,Nick Denis,1.0,1.32054
2050,Eddie Yagin,0.0,1.32054
2051,Eric Wisely,0.0,1.32054
2052,Jon Olav Einemo,0.0,1.32054
2053,Stephen Bass,,1.32054
2054,Dustin Neace,,1.32054
2055,Nick Pace,0.5,7.0
2056,Shamar Bailey,0.5,5.0
2057,Paul Bradley,0.0,3.0
2058,Matt Lucas,,1.32054
2059,Edward Faaloloto,0.0,1.32054
2060,Ricardo Romero,0.5,1.32054
2061,Donny Walker,0.0,1.32054
2062,TJ O'Brien,0.0,1.32054
2063,Jason Reinhardt,0.0,0.0
2064,Javier Vazquez,,1.32054
2065,Curt Warburton,0.5,2.5
2066,Tim Credeur,0.75,0.25
2067,Charlie Valencia,,1.32054
2068,Ryan Jensen,0.2857,0.6
2069,Kyle Watson,1.0,1.32054
2070,Chris Tuchscherer,0.3333,0.5
2071,Antonio Banuelos,,1.32054
2072,Gabe Ruediger,0.0,2.0
2073,Tim Hague,0.25,1.0
2074,Willamy Freire,,1.32054
2075,Amilcar Alves,0.0,1.32054
2076,Greg Soto,0.5,1.5
2077,Antonio McKee,,1.32054
2078,Aaron Wilkinson,,1.32054
2079,Tyler Toner,,1.32054
2080,Maiquel Falcao,,1.32054
2081,Goran Reljic,0.3333,1.3333
2082,Alexandre Ferreira,,1.32054
2083,Mark Scanlon,,1.32054
2084,Gilbert Yvel,0.0,0.0
2085,Vinicius Queiroz,,1.32054
2086,Mark Holst,0.0,1.32054
2087,Julio Paulino,0.0,1.32054
2088,James Toney,,1.32054
2089,John Salter,0.5,1.0
2090,Steve Steinbeiss,0.0,0.0
2091,James Hammortree,,1.32054
2092,Jesse Lennox,0.5,1.0
2093,Dan Lauzon,0.0,1.5
2094,Joe Brammer,0.0,0.0
2095,Paul Daley,1.0,0.0
2096,Jonathan Goulet,0.5,1.25
2097,Renzo Gracie,,1.32054
2098,Brad Blackburn,0.75,0.0
2099,Matt Veach,0.5,2.0
2100,Mostapha Al-Turk,0.0,0.0
2101,Ronys Torres,0.0,5.0
2102,Lucio Linhares,0.0,2.0
2103,Rory Markham,0.5,0.0
2104,Paul Buentello,0.6,0.2
2105,Shannon Gugerty,0.5,1.25
2106,Chase Gormley,0.0,1.0
